sofifa_id,212491,169345,200104,169705,203544,169638,205988,204355,186115,210972
208574,0.9711264528589079,0.9624393725594358,0.909708744059998,0.9487149889687193,0.9640820816540958,0.954325463164387,0.9539936634565083,0.915690340310511,0.9598671093432536,0.9061376043832476
202884,0.9628269618120628,0.9484281032618036,0.8859312378875883,0.9403941689043317,0.9528826047396488,0.94018787542172,0.9441344809015273,0.9122917258453751,0.9624452680610686,0.9526511363082901
211688,0.9808024913160232,0.9694031832297324,0.8463409965695998,0.9569227186548943,0.9759188351375465,0.9558196659624465,0.9601421381443718,0.9296539741534824,0.9822873194553449,0.9230517575816957
220651,0.9644632987924495,0.962990581887129,0.8933488570282775,0.9389119207936091,0.9647061555658917,0.9453058914279714,0.9402502175884209,0.9132135243937824,0.9621827443077813,0.9029887165605475
223697,0.9827319370736719,0.9772148762300917,0.8593861952864176,0.9761933377008242,0.9754990505774026,0.9721576181228373,0.9750055383082814,0.9561762329732645,0.9831979697566808,0.9398882687454934
210035,0.9869053047127807,0.9800390085217605,0.8628492583456203,0.9660756668939776,0.9849239289302618,0.9705695069850282,0.9702933243037258,0.9320778558166014,0.9819086708996482,0.9294453710034946
229984,0.9542850885620802,0.9580984483880632,0.8517574744426659,0.9622639146515911,0.9582785792644427,0.9631108980449764,0.9588274011428252,0.9500710315969949,0.9670384029596519,0.9293406421699705
181458,0.963700709128097,0.9684279465901221,0.9142929853239037,0.9377525403762662,0.9633996702107346,0.9543292915499466,0.9364695374627064,0.9080656518724282,0.9574497841308407,0.893571754736058
230256,0.978429841102109,0.9719692957683583,0.8559821121707042,0.9741119862669293,0.9793187546008588,0.9789924406293194,0.9718479038403904,0.9366607129314,0.9747026687350788,0.9394564328420957
210455,0.9305032093087433,0.93162627968254,0.8616082776172623,0.932161507742663,0.9337135068816582,0.9299295194266146,0.9287392755244093,0.918878313727996,0.9439389608191199,0.9485689745173924
226491,0.9682317192925425,0.9609868999600905,0.8668892658533804,0.9563477132316874,0.9628495084612105,0.9543752747991393,0.9589483145473137,0.9337613543597891,0.9683962927103639,0.9263821831795357
192638,0.9417876333160934,0.9686062961915352,0.8417050018515339,0.9539610435087507,0.9475209415954872,0.9562431180847363,0.941511058954099,0.9393208091200858,0.954309057190611,0.9113147343313069
209846,0.9710296457862325,0.973842388677001,0.8225188217533183,0.9794553920790477,0.9673233208042378,0.9637925532468979,0.9746245287032526,0.9558296897881834,0.9802831801219118,0.9425487494858245
224031,0.9404461006091834,0.9370299077449549,0.9019260564457946,0.9341070861846752,0.9339166172530136,0.9299372903592544,0.9308610697821446,0.9104876951781623,0.9397465895732409,0.9451139659228167
237942,0.9506886491246745,0.9429086777225321,0.7835193076462047,0.9696087771871383,0.9536581411212797,0.9570502919417734,0.9673339729538742,0.9602207411411591,0.9744899587363236,0.9377174747525405
152908,0.9459986068360728,0.959241603287644,0.8815551185627812,0.9259262425302964,0.9534978946973299,0.9339559111728685,0.9232615542179681,0.902139263299183,0.9527382210073273,0.9340807169452425
173306,0.9490288839113685,0.9577555657559901,0.893323343448493,0.9342872876694162,0.9463095647086243,0.9373643247666583,0.9269059962969249,0.9065462126194856,0.9520844069782787,0.9440217036092563
184392,0.9421654727419613,0.9495966803172778,0.8532485581004043,0.9438234310878698,0.9398631085014458,0.9430204760164611,0.9381219161745725,0.9299902150832343,0.9531123660544208,0.9622584273348225
210736,0.9832165849303716,0.979032354210581,0.8407216776089025,0.9743542412270747,0.9811605810363856,0.971669310663979,0.9736255203641484,0.9465903419680721,0.9864035867207394,0.9323641519800292
217036,0.9817467507350618,0.9674377287160288,0.8620127404219605,0.9619353867367366,0.9848417738575354,0.9728080224199624,0.9675255933039312,0.9303711158349126,0.979204540177097,0.928824398894303
221832,0.9834652879578054,0.9853298435371816,0.8617758438795845,0.9694561350616331,0.9875979939297216,0.9789837117606945,0.9678908741940517,0.9417855405449793,0.9839458586857854,0.9308143902362441
230183,0.937479280157042,0.9523127647898443,0.8773243673700506,0.9421302428449779,0.9460593489142474,0.937895826726426,0.9329740876754956,0.9108721810034096,0.9455197500612188,0.9122434526881503
252145,0.9852745558082028,0.9781075674880749,0.8514329407512524,0.9743203165383718,0.9773792778655122,0.970007427723637,0.9772597994179929,0.9440995849829599,0.9831624325975483,0.9461193146386293
200536,0.9808868092856272,0.9644923786766971,0.8299997157381503,0.9742221536946867,0.9722460920722953,0.9732789559538804,0.9830766301584375,0.9588346167312279,0.986233630167668,0.9332282784578665
212491,0.9904735057564411,0.9793074857736197,0.868394373904892,0.9546365515669981,0.9811360310712186,0.9581896221897868,0.9617912603569401,0.9312717812752306,0.9859101193814641,0.9175516967807031
215160,0.9628163473465134,0.9629184481298305,0.8930265079582638,0.9556924302401805,0.9618955557674176,0.9551047067476993,0.9537641616233865,0.9256089959385677,0.960818997724846,0.9177015652792281
228302,0.9881048032465737,0.9786584259497254,0.8589443742259341,0.9715284992608467,0.9841119200288901,0.9749926737727507,0.9759506645593687,0.9485217299883596,0.9861812476898782,0.9356921032549008
231554,0.9484797588527347,0.9469503241951126,0.8595861792967537,0.9557262417187382,0.9408849825711487,0.9493412654968717,0.9539822616053005,0.9396907607021618,0.9551630521109661,0.9712437596171376
243388,0.9721892903629938,0.9703263706500002,0.8214429390459499,0.9757213596053358,0.9609191440681358,0.9667369998995012,0.9794994034750711,0.9645744153735836,0.9795724917404895,0.9415168229481682
201389,0.9828925930760164,0.98501165282484,0.8590943226909626,0.9763469945693106,0.9846847549497205,0.9814482940731561,0.9742078826124976,0.9567633926321403,0.988907644626792,0.9357711742256181
203741,0.9691237421358291,0.9658954317165709,0.8567331044485987,0.9667572098829191,0.9627549553875248,0.9681035019632357,0.9637219070578968,0.9394594579628984,0.9723302173511316,0.9369422360639668
209744,0.9708457661203785,0.9707180971731204,0.8418013038350517,0.9729644132405568,0.9712212100472057,0.969730024650433,0.9644298527999087,0.9444122396731914,0.977423451026732,0.9404668713378532
226268,0.9745864174004824,0.974035649454102,0.8517488692001366,0.9588194297108604,0.9788500940884027,0.9646914297951188,0.962036665983797,0.9318150542958631,0.9726308449444234,0.9203797864877852
240915,0.971447732612716,0.9687888993535206,0.8270665502720252,0.986924782541896,0.9617072144457945,0.9769384700959914,0.9837097022673302,0.966134103429344,0.9767742081284846,0.9521125425741841
178424,0.9660532069438661,0.9826545610907483,0.8660817361290679,0.9461998191915983,0.9733361517622438,0.9539048162758456,0.939001196078841,0.9172027998687853,0.9716630503867694,0.9061721240464424
190059,0.9562635632480673,0.9607968143101844,0.896746704061288,0.9459246014220624,0.954365236500255,0.953421208239902,0.9419973681822347,0.9189780862514862,0.9563606041715037,0.9542767346979453
206594,0.9579507772133552,0.9521699440152847,0.8900167908486083,0.9370890758108161,0.9513395752197409,0.943744116834514,0.9394268818276413,0.9066196396054327,0.9506768437016825,0.8951054571785871
207707,0.9704251481152674,0.981351612378688,0.819055965873318,0.9740792983741619,0.9727214910128598,0.9735886866050364,0.9697742045025496,0.964711069441239,0.9866701740043615,0.9316544713193539
207993,0.9695701206106812,0.9645869974764836,0.8274995355714394,0.9639061618432718,0.960985890217634,0.9613820809926583,0.9679396236639206,0.9515386132531667,0.9761513084894838,0.9235559784810475
209289,0.9742581717939363,0.9663726039466098,0.8447532660670838,0.963816319216257,0.9689672126107981,0.9727651789925252,0.961907776761902,0.949540696119015,0.978013468793838,0.920898549134266
215449,0.9705715829833826,0.974907484809775,0.8893427830689931,0.9513825644083649,0.9705322539942766,0.9590142905517296,0.9519347428532543,0.9113221111749632,0.9604196300546831,0.9083492950259455
221053,0.984562871950857,0.9772049531594705,0.8551804071924388,0.9819605586650242,0.9820003126144193,0.9790465106287188,0.9780371317518759,0.9548983217985729,0.9874990248401347,0.9442983557644191
229453,0.9750888741449377,0.97603518303219,0.8948176849276751,0.9483159206429498,0.9667458781461006,0.9507059749284822,0.9466360956398728,0.9140668771017775,0.9669252926155619,0.9092179664967406
230186,0.9487223067348958,0.9632047701915993,0.7772591304507663,0.9730306612439126,0.9609923313847633,0.9744245570443291,0.9625313973839544,0.971670489099588,0.9733675612966195,0.9294468603636873
230341,0.9434610461308965,0.9496007060882549,0.7684943326902257,0.9842982731080571,0.9410557677322605,0.9658525772180433,0.9776415167191739,0.9772177549027454,0.9679811851802892,0.9435255704595409
231591,0.9834411865250147,0.9837039876811893,0.846767512179459,0.978320251560014,0.9831247435590197,0.9780430950937987,0.9762150363169495,0.9583283841629234,0.9891163593384122,0.9399865291032934
235172,0.9795622070987181,0.9574316193127677,0.8665559415759716,0.9409041412828033,0.9721989666871652,0.9474793941322811,0.9546460273629636,0.9090145656063959,0.9733667559982454,0.9050245001455196
235883,0.9826504866419864,0.9573926876867872,0.8758803529116987,0.9426538766683391,0.9725591367961249,0.9492109664220598,0.9534534102289085,0.9164318980253137,0.9746766925266858,0.9078781327304952
246113,0.9659446431761038,0.9436146518415592,0.8778755378935208,0.9434695946499337,0.9496453037550335,0.9375272866042318,0.9504451436217121,0.913096993902275,0.9574329143854404,0.9113672888976218
169324,0.9742113834162053,0.9895021399596304,0.8534227310992901,0.966922544135838,0.9824634384101558,0.9729321551858116,0.9587953584427243,0.9395784274563306,0.9771131158239674,0.9280554572731177
186395,0.9309386121286217,0.9449823657284334,0.8963526029600758,0.906897627040175,0.9422330593884298,0.921024672780749,0.8991992730162384,0.8770878073821609,0.930105708638487,0.8635050524655966
189172,0.9581247496408123,0.9566194360145673,0.9084796023333717,0.9277908581194344,0.966296728749676,0.9523304198167925,0.9309654898796189,0.8933810250522293,0.9467315413268644,0.8807961799237946
192546,0.9632619299629737,0.9696389001986042,0.8047496427106521,0.981049215239685,0.9690917261148616,0.9747779962761541,0.9718826591737119,0.9720887370795904,0.9835585483770234,0.9449033469598901
203505,0.9525335058200916,0.9561905850675827,0.8810065482034294,0.9449912758380399,0.9623976687999587,0.9539413324790399,0.937178527408047,0.9249662319760523,0.9543263716782575,0.9090498677839977
209620,0.9808224941339244,0.9683057677475583,0.831988272767473,0.9750773023598344,0.9683673979606157,0.9674435770407823,0.9768222979129944,0.9637512672288885,0.9866403407301066,0.9410554682373033
214026,0.9833011419259083,0.9724954839176444,0.8573343635866643,0.9660706941909513,0.979237977866038,0.9701124785841282,0.9706918129859472,0.933235215384929,0.9800525434133095,0.9291546571173851
215148,0.9693334899493568,0.9648940646117898,0.8123947435058625,0.9620599094923274,0.9750633556982939,0.9655488005312632,0.9602315396988569,0.9485166248293101,0.9819205513555229,0.9285710304378438
215322,0.9810714628304028,0.9921068228338532,0.8488565311337951,0.9757288886356996,0.9862826732313986,0.9757874355251213,0.9732364461774826,0.9522599166865693,0.9859349603986935,0.9413124534871028
222875,0.9876180365639948,0.9780195482741558,0.869399274843014,0.9705245350317745,0.9754222709827063,0.9718263387237985,0.9725490249894713,0.9427079977222544,0.9808374938997027,0.932801909093032
224494,0.9481557812659352,0.9213871549712145,0.7799765605799395,0.9324278712812263,0.9479819628075082,0.9268867901128451,0.9449620564687474,0.9145137933188889,0.9487630837960047,0.904834743502964
225706,0.9743914390240391,0.9845979748907718,0.8383152611507876,0.9673089318736415,0.9795051736727834,0.9729517440225662,0.9667546019901996,0.9478005790370679,0.9829994861450466,0.937110613722902
231247,0.9790249344286298,0.9830574795542678,0.8603557684760823,0.9736971307187966,0.981236480071734,0.9729760301171997,0.9662244287556405,0.9393504705732726,0.975679937741396,0.9394029301561019
232223,0.9624837152505883,0.9601053692268023,0.8771549767008694,0.9517668097629085,0.963848341882462,0.9535618459938888,0.9530630979229407,0.9257913810431411,0.9630580297415741,0.9202710451204118
235026,0.9639822033213914,0.944670812641365,0.7970952370690599,0.9613110931009409,0.959608171227598,0.9458225137272614,0.9619004120601786,0.9471857691800889,0.9693023673168939,0.9263037064536248
236295,0.9640945542208598,0.9759168897063308,0.8211769879564536,0.9707205910765349,0.966744380925699,0.968321092273829,0.9649407501062826,0.9565001488910553,0.9800127195291821,0.9412188731106493
236457,0.9849790436933643,0.9704481004223291,0.8241516466442924,0.9761513128717948,0.9812977511144034,0.9715143746832575,0.9814463928468186,0.9575062300062787,0.9903263345853391,0.9482419490955447
236636,0.9312527566542937,0.9406057366787237,0.8536572036223106,0.9441480469182839,0.9303097607639431,0.9434284963606181,0.9379071740247718,0.9358150432778507,0.9454863591376818,0.9664853271613892
190885,0.9490761851429054,0.9627628629625623,0.8712732018277145,0.9518727777121965,0.954117706963109,0.9547811059235135,0.9433722321501439,0.9348708425984567,0.9602703956617028,0.9642068896524773
193148,0.9779922836801349,0.9783392653199375,0.840935611842976,0.9648617580309224,0.9793844659043298,0.9693552584617068,0.9610572406728827,0.9439078681846702,0.9784591379197004,0.9286194986287358
194359,0.8978985358967178,0.9042604660457871,0.8400557167825529,0.9123377148137429,0.9066669402957853,0.9154876987419639,0.9027615491570463,0.9034816943673597,0.9107540154482259,0.9351280195863433
201955,0.972870393539685,0.9772259848379256,0.8299446754417976,0.9777306116702402,0.9788110023961341,0.9755298757423265,0.9727977320389165,0.9623680918436941,0.9850304460984844,0.9444271158246168
206219,0.9376289083474428,0.9459152914125614,0.7572856406855494,0.9783322976968022,0.9421696094603886,0.9579793675510863,0.9615719839077603,0.9668285100534117,0.9610679485742409,0.9480159883887895
207537,0.9863915392906123,0.975989139470502,0.8601167732194919,0.9745030973060026,0.9761375635900756,0.9716263039830992,0.9753563393096532,0.9504349611877114,0.981724772353352,0.9323405252603525
211844,0.976894469795165,0.9872635276308376,0.8649226988986392,0.9740636350744866,0.9846708626992512,0.9819934122295313,0.9689913570940998,0.9546919657611602,0.9824291340131184,0.9346554645242389
212183,0.9759041266247913,0.9890258629122082,0.8393779377555939,0.9662619587535533,0.9834111719878528,0.9712059834464891,0.9617233219270717,0.9433669923765453,0.9789190059123107,0.9368225102893256
212244,0.9648245913665936,0.9805490536994893,0.8006398307716646,0.9826098675759396,0.9665187496595677,0.9702558207406964,0.9740655839989601,0.975230983016818,0.9838993180291442,0.9444403546866742
213750,0.9815147736429699,0.978793190486871,0.8829062128947074,0.9500736569951996,0.970708229188272,0.9607674825613819,0.9585959375070617,0.9150408035272488,0.9658114280467748,0.9102404564079348
220414,0.9801107285118137,0.991458983712184,0.8383534969676845,0.9741229676319394,0.9805399613608914,0.9755432965080498,0.9747528853207394,0.9604991328765338,0.9864465165960372,0.935403700877543
224423,0.9827957888807879,0.9863836555519998,0.8570626235828415,0.9657458355614833,0.9847870378224096,0.9604202976435655,0.9626682924087426,0.9324641800235763,0.9758659171650487,0.9316271634797972
229348,0.9667055100200997,0.9466158978470741,0.8096176070253677,0.9608708598441048,0.9556920928666199,0.9501900914433364,0.9717012825609054,0.9457979057736783,0.9713315182951479,0.9296568017585948
231292,0.9581051367352996,0.9466148708053241,0.8614314581656445,0.9491060682906494,0.9479708946555707,0.9441611182539639,0.9526274578531801,0.9326842380929433,0.9586824001009238,0.9182256865118081
232805,0.9665605928154566,0.9680854073938225,0.8081465696704843,0.9646684682360562,0.9599575155294713,0.9578455557444445,0.9679413558835364,0.9604975538285271,0.9795546797436948,0.9327501645664262
234100,0.9815760800643737,0.9640877699730037,0.8175289274405675,0.9635400570075511,0.9800193150820148,0.9626923595318019,0.9713614557581003,0.9461276160303416,0.983349450272289,0.9353805283772993
238988,0.9670180276701671,0.9569006368133552,0.8482899211183297,0.9634802569142411,0.9761717243464563,0.9721150158235368,0.9622872263974387,0.9332958678923337,0.9679744446778127,0.9362629655557567
239704,0.9418676681691638,0.9561773552942302,0.7696126894941875,0.9797103947645036,0.9419317836443625,0.9586777415149098,0.9681666887171552,0.97068559414071,0.9568878315033198,0.9557013708826378
242287,0.9872408812870573,0.967660196010831,0.8707807420717985,0.9664358166375845,0.9770011913755278,0.9643367852922605,0.9733421413184377,0.935559508402318,0.9769870091404312,0.9342684235282512
242641,0.9539715704608288,0.9438840906479355,0.7862885355299001,0.9712284084046996,0.9458837767438865,0.9587625893652585,0.9720922783492151,0.9567675750568243,0.9644885766852611,0.9381302470030997
251847,0.9589730010996805,0.943168939155686,0.8745758073013873,0.9443057187662982,0.9507952534061546,0.9495039255222876,0.947968888741854,0.9129639825964676,0.9466195659272664,0.9135803288220417
184035,0.9765733044098405,0.978640485323482,0.8240727672366022,0.9758594807192527,0.9741025373599281,0.9699521074435065,0.9645324789973131,0.9533516774865028,0.9825082214099098,0.939573639049585
186115,0.9849907555883222,0.9826669222393786,0.8462784983435343,0.9752304257039046,0.9894935571876604,0.9823468966142367,0.9779625289198244,0.9611794329871637,0.9952667932305467,0.9347752650772823
189043,0.9375906140195328,0.9517014185715366,0.8729142378432814,0.9373945562324411,0.9612083239923579,0.9538436968176482,0.9311706935039046,0.9191505512687381,0.952559969936915,0.9505841286879555
192102,0.9560971926831394,0.9552585091791987,0.8785221173787536,0.9360342437283427,0.9606724711221708,0.9468100537743533,0.9368347661646226,0.9127041309204625,0.9561203458618568,0.9007928399426377
192156,0.9792782188436412,0.9914894500993162,0.8287760340386736,0.9694344869761687,0.9823578425400026,0.9700741118073734,0.969470642125582,0.9556006702494054,0.9857443069827937,0.9254145272456569
193185,0.9716727776516397,0.976265771261835,0.8562042211509392,0.9643030127023194,0.9744470039842625,0.9713279394903123,0.9657954850044368,0.9466701733681567,0.9775854559500907,0.9226842373655847
196952,0.950826345660887,0.9703304962878772,0.7806460011151343,0.9792726558347489,0.9509813268133642,0.9671795211887164,0.9748340514073177,0.9757202923327888,0.967833111859002,0.9437667435883882
197688,0.9773654409562232,0.9861407087205748,0.842935305555655,0.9734811992706275,0.9842423438547249,0.9780704445403503,0.9706061773657715,0.9593340258786254,0.986409314970763,0.9338647467655083
199890,0.9589474483637728,0.950753132919576,0.896787763804405,0.9394130537377726,0.9607995916730578,0.9466042961316424,0.9390859621581871,0.9091882174606024,0.9507466871266053,0.957618203873839
202151,0.9629657928478375,0.9852463935712537,0.8303048356914982,0.95899280742703,0.968664265795069,0.9479386564279814,0.9482583377785158,0.9286872140021104,0.9644366965664268,0.9217307324364341
203751,0.9716098714639718,0.9825199710183133,0.8275457889915224,0.979970822911377,0.9789302660665249,0.9822803428019445,0.975690923771818,0.9723339246983262,0.9864382035108583,0.9418006800366454
210985,0.9680980894718408,0.9724734432256377,0.8602251811810395,0.9467878915841378,0.9641005995478392,0.9543946056496554,0.9450486503151522,0.9130791017575787,0.9570295379595634,0.9068932956771317
211385,0.9773265315400208,0.9857042963145002,0.8501989226770071,0.9606489754611444,0.9809496058918601,0.9667566136013562,0.9573592987483014,0.9365861157142426,0.9775067174289519,0.9217660816137645
212035,0.8998163016477484,0.8908633459410353,0.9525143435732742,0.848907034369778,0.8981887897498109,0.8656018924054811,0.8478869183753763,0.7935801722482982,0.8712794044897737,0.8658296313308151
212100,0.9767532166138061,0.9611614978968769,0.8254293508909175,0.9723605867785803,0.9683564990278091,0.9734889403602294,0.9773374573147257,0.9610882774608075,0.9852971041580647,0.9366038746593197
215144,0.9647541005669436,0.962702251035621,0.8106621120519863,0.9647020390567342,0.962486128092278,0.9576660007677682,0.9600691269544844,0.959505772467242,0.9767499940346368,0.9235409058638224
224013,0.9213922610921416,0.9103233169608942,0.9398789468099007,0.8825652673099241,0.911051375775654,0.8973423051355792,0.8938623921258325,0.8575873792052583,0.9048544494343125,0.8982770329147475
224885,0.9443265047602959,0.9500410781596635,0.8619082057626909,0.9450144620250209,0.952132933238968,0.9500160945874717,0.9416760439804321,0.9253559438331921,0.9500071636900582,0.9135362229747793
226012,0.9719708853763157,0.97919163442162,0.8484835504974402,0.9687687347531905,0.9870246513533913,0.9802707021605914,0.9607664651437149,0.951289369663628,0.9821401517554906,0.9287769498869959
226697,0.9853739097086688,0.9657786975733887,0.9022246428163765,0.954552653134873,0.9717091078486477,0.9584309862954647,0.961726136099821,0.917750719770274,0.9696010948805783,0.9166864192288863
226797,0.9625952839052933,0.9754046346578182,0.8839471080370866,0.9472380088426974,0.9744978081443281,0.9700688338646317,0.9379369305289392,0.9127498390184563,0.9583114982874107,0.9032105412549234
231874,0.9479756508251221,0.9466304284651365,0.7841453914351892,0.9677994729859362,0.9432640965274184,0.9490368619649737,0.9669617750711459,0.9612051713679902,0.9693861909696688,0.9357834321218943
232655,0.9526449241531054,0.9525000772962727,0.9026771755388142,0.935452988161191,0.9492161294744944,0.9429499326435167,0.9362960932691213,0.8980319671595741,0.9438603923546833,0.8949945904507871
241823,0.9659934043471139,0.9659947670307539,0.797043505910463,0.9715673622643638,0.9738591673805117,0.9669136840802014,0.9721644263599197,0.9674672456583613,0.9819555834052318,0.938321146553512
242429,0.9769551519299329,0.9713276182471545,0.868927182656896,0.967659872039647,0.9751013822614207,0.9704367359017643,0.9680005648198494,0.9444757199253297,0.9729411104525,0.92991688309966
189390,0.9455861728136238,0.9659498404139782,0.8066471740990727,0.9681492067282966,0.9583719242506558,0.9732993513145296,0.9608979657034579,0.9596130117479956,0.9643652266434177,0.9208698343116538
194669,0.9755063362686889,0.9846676021522726,0.8881632198463553,0.9585589013758579,0.9781537339071751,0.9690664771284153,0.9574294809279376,0.9314160471546787,0.972140876395157,0.9139345067668867
200532,0.9630173910377394,0.9583800371213423,0.828231673874272,0.9363338435406726,0.9754524705664331,0.9491031217079455,0.9372594167943966,0.9072824564310376,0.9603757920530822,0.9032331651675137
201041,0.9528220775325575,0.9483122339336607,0.7679878545853688,0.9758521948084216,0.9520308279986441,0.9746711127205818,0.9774580751954577,0.9797367183852929,0.9721109255761393,0.9418432035676979
201509,0.9830128196595269,0.9842215028711803,0.8575738578566984,0.9662889114656649,0.9838265182171156,0.9673522113703048,0.9691400225898263,0.941102196845413,0.9843743649727152,0.9276584362150447
202501,0.9570900891089229,0.9682183719844251,0.7886255103621224,0.9792307626950124,0.9734782014137573,0.976486951490301,0.9750360473122801,0.9731153017785689,0.9778091293321876,0.9505291626715697
204215,0.9771728937241199,0.9733480927380066,0.8841333722341526,0.9514697110468857,0.9693056793075034,0.9672900491342912,0.9520530338545945,0.925280619304506,0.9658827059041756,0.9152643453512075
206086,0.9789545927419846,0.9797366571942147,0.8367826066147368,0.9762360381964426,0.9866531849738458,0.9760275589797897,0.9743761787679112,0.9639298255586449,0.9872402629399757,0.94362586356059
208470,0.9228404277574499,0.9396795294037521,0.8171293132586946,0.9370663244442659,0.9425389134170394,0.9331557179621679,0.9210446432264163,0.9334511552859123,0.9432928763810211,0.9033754437631559
212282,0.954950931733649,0.9654940278454667,0.8157216006508767,0.965641496695605,0.9618867272933834,0.970934902945189,0.9627300012072777,0.9579712812828468,0.9611476468807412,0.9305913161411591
214772,0.967115874177734,0.9781979417375117,0.8412248828396448,0.9548896747603164,0.9801452896506743,0.9658771937099128,0.9472405789067757,0.9229638549032029,0.9664860254842609,0.9201890285422738
220493,0.9507748486025578,0.9416049814883501,0.7594862930066684,0.9642618614086863,0.9319582979418516,0.9504208364040443,0.9722725393949125,0.9647411128878576,0.9622023781957999,0.9368357094603685
220837,0.9716194595005634,0.9480653660055539,0.8259529747929152,0.96602259700084,0.9662970820561548,0.9704714137635143,0.9689620402117264,0.9469204249505238,0.9691477471156779,0.9255682014419712
222969,0.8722406960162921,0.9050640404134863,0.7831394767472424,0.9039927530135632,0.8819683447933334,0.8978351458374838,0.8845800288675056,0.9060214856491574,0.9014178442380804,0.9256651259105888
232230,0.9832422811236616,0.975744627414783,0.8319694197056418,0.9721982636839881,0.9901074646582628,0.9803441834538785,0.9758520254073394,0.9577792875171444,0.9914301700104249,0.9399009954588111
232755,0.9641264962206367,0.9502100234441322,0.8098656437358068,0.9538546221099239,0.9616354187533356,0.9512523623604087,0.9594887117025839,0.930364519458977,0.9672214241285614,0.9230681846250421
233812,0.9595491731730886,0.9525218137038813,0.7968063086448787,0.9770088304692726,0.9503316942235733,0.9638451472436662,0.9753889189216862,0.9625329385295821,0.9653906456793468,0.9471795144158094
234087,0.9670920098210322,0.9619962293406454,0.8467248908244264,0.9401341841395501,0.9693071303269701,0.951017765198387,0.9445174164897223,0.9179421982174855,0.9609572000629824,0.9071452355468748
237211,0.9849201161349643,0.9818419429511335,0.8533803612639284,0.9763556311036736,0.9782764700005868,0.977803530650465,0.9813814547339923,0.9614511756394609,0.9862471145977052,0.9388377133041775
247124,0.9890157578065008,0.9783408366561067,0.8487787344712288,0.9687797793479871,0.9843625742861927,0.9673226456842275,0.9776931055588988,0.9530612168851192,0.9883877667692511,0.9382250931856406
252293,0.9453181678046458,0.9155811681610189,0.8774404690564196,0.9238668106582624,0.921849515498733,0.9153140413836073,0.9329235125101623,0.8955023937400821,0.9333829571039988,0.8924351198534913
254470,0.9348543666192674,0.9241522095712459,0.816654743160492,0.9457623254384353,0.9311235753771561,0.9388896576164425,0.9539928028002055,0.9395334010349649,0.9431310770364846,0.9166507711305488
257713,0.9675182884522575,0.9658377809195053,0.820498820121737,0.9719068818572705,0.9500741391833298,0.9684509290937051,0.9765335319583816,0.9581096501982653,0.9681597516600927,0.936818977929901
143025,0.9511753317051522,0.9665413989617292,0.818235362571348,0.9480770175704956,0.9739599067056444,0.9642287696203569,0.9386494203826216,0.9368679599535247,0.9649896901838975,0.911115222419056
179696,0.9601425681868813,0.9778409235823039,0.8340211697051192,0.9634087891027863,0.9712002974003147,0.9661249696224554,0.9558134646309101,0.9537183851175585,0.9752363659290396,0.9205334008194435
186651,0.9791307103738123,0.9817230854235248,0.8851061872805639,0.9521403220291869,0.9866963433346981,0.9716508052909762,0.9531127226451339,0.9209043301050766,0.9749478046658955,0.9116187173612762
190589,0.9489941526795102,0.959643366879466,0.8916957358823913,0.9414538666793753,0.959381788103756,0.9515992745430195,0.9357615338141685,0.9217947847979243,0.9544909976290276,0.9556682642288916
193414,0.9760625708802297,0.983727918489302,0.8771865806708119,0.9628914449536767,0.9876960507194128,0.9784289680419076,0.9580371310683378,0.9348970838608341,0.979219207914371,0.9208000493276183
198190,0.9546548138299059,0.9700645971542043,0.8129001436293767,0.9670160422420837,0.9600901924444709,0.9624067591873894,0.9581547039594572,0.9673519636494333,0.9756076589101229,0.926318660027208
211272,0.9472487548680493,0.9600417497058548,0.7829294707719774,0.9680870895868261,0.9546118332186939,0.9671466093352732,0.9636582652515745,0.9679609922253476,0.9662777561003238,0.9325297989766316
214660,0.9537838859224483,0.9566268043442564,0.8658147182018661,0.9361002232454521,0.959979912464333,0.9444391874520018,0.9392261457543464,0.9063682336661046,0.9549664507709262,0.8987866670676928
223633,0.9745679291233206,0.9878022299012089,0.8479673018886767,0.9782251354277937,0.9753664913180693,0.9719996170831505,0.9726730265297318,0.9504199213993442,0.9795451305121046,0.9430582901195222
223905,0.9336853448203634,0.9385073437451326,0.856830288194484,0.939271564505462,0.9336164291923847,0.9335430906890602,0.9313659372003057,0.924198292232002,0.942153920415322,0.9668100000103378
225775,0.9325656914613139,0.9240241800227889,0.7423437294310921,0.968697076479049,0.9241071624192954,0.9462336217125454,0.9640211889103758,0.9703753860254407,0.9498323144714674,0.9416923279512899
226508,0.9621439897821131,0.9667136610288448,0.806242842791158,0.975194063086629,0.9778577071069424,0.9807941638146295,0.9725438712540588,0.9632827088564326,0.9722051999827719,0.9431096375206823
229236,0.9543425124690212,0.9577190540828053,0.7796290113896236,0.9821389492847655,0.9542919729444127,0.9730388555713838,0.9812536963525705,0.9869833200375275,0.9759458169043469,0.9432844824173142
230343,0.9660693760641662,0.9657551307897488,0.8242441475647522,0.9783115483932682,0.9712501628055624,0.9775642842260135,0.9800863354023205,0.9664669749288576,0.9742784833934509,0.9404989324203705
237512,0.9899798041160456,0.9711232454375729,0.8857645107001951,0.9634315000923362,0.9779027676134903,0.9710318445658433,0.9734670332243103,0.9327468690017054,0.9808611824850099,0.9218102162820591
246155,0.9820285009386062,0.9811939578296553,0.8563532578641662,0.9733441366728178,0.9749089752586634,0.9683472170866284,0.9744651973223203,0.9496067536833321,0.9805374722501218,0.9365897312008769
252146,0.9644923185508976,0.9465565065264367,0.7859014232385632,0.9730201885876962,0.9591506904647825,0.9694268712538404,0.9738333937987023,0.9711278834185412,0.9750328555729438,0.9314484575317443
153066,0.9401285365046135,0.9639742689422148,0.8312243065467897,0.9428388609753048,0.962870317112405,0.9607405617052738,0.9269181568740623,0.9176990090918019,0.9562463346903881,0.8947456540218355
163619,0.9430955006803561,0.9525780252779429,0.8836151536883594,0.9339360919532785,0.9520428666460709,0.9384527672906791,0.92366700359153,0.9038686444689732,0.9416891062110094,0.8960981283283069
173450,0.9573758319678591,0.9507381627030621,0.794272288434487,0.9583431676780944,0.9593126412663006,0.9608078036507812,0.9527186020606463,0.956153922595543,0.9721091955366243,0.9266822363294167
179899,0.9536584505404522,0.9686381560435605,0.8236137272474274,0.9346731429317261,0.9781612828497911,0.958562775264135,0.9329255094105627,0.9158936794664305,0.963014027022412,0.8917064617537971
188168,0.9260250928149754,0.9543765549418144,0.7902364575000423,0.9533091478610455,0.9360958044606065,0.9504122288627881,0.9331453493159578,0.9547457631488088,0.9507165963359657,0.9137215282862544
194726,0.9816822021043715,0.9867038796280476,0.8380605823096449,0.9726390729609594,0.98180964835082,0.9770395962318602,0.9763443516189048,0.9603392619671643,0.9871222382769057,0.9363393800448205
198489,0.9765668941774891,0.9791720140341399,0.8662884069323085,0.9615347319353259,0.9834107425285843,0.9691579946320226,0.963093600850678,0.9447414215799542,0.9802823069607486,0.919908851195343
202113,0.9508872680431355,0.9380038407567816,0.8618875712684668,0.9339332139208778,0.9459301627720624,0.9400511079816054,0.9387151219337911,0.9222263599146456,0.9533205327500524,0.9510158882330239
203544,0.96969867004017,0.983427884753709,0.8376077480524624,0.9596586153768896,0.9871355038142904,0.9749290023172972,0.9574712751465697,0.9452373903426076,0.9824897529864381,0.9175930010379659
208024,0.8646412946872964,0.8788045746726935,0.6506078649999827,0.9215238891217608,0.8677227445753645,0.9027703609865584,0.9149984900605309,0.9582243873736769,0.9081663273089776,0.8956885048744541
208806,0.9371158009930655,0.9455833284658961,0.7461764919596972,0.9713221669374114,0.938939543943237,0.9583379868317345,0.9619017512157202,0.9852657403590503,0.9602584714990609,0.9387992768673844
210723,0.9657664416466543,0.9867245700676227,0.8270487068108787,0.9717561402774,0.979619836289654,0.9735648228127268,0.9663701436529925,0.965193411669486,0.9810621781067452,0.9328508989144841
214906,0.9006142764959771,0.936093163106089,0.7241532241715757,0.9622644056758807,0.9170675259170653,0.9406191600398881,0.9434038509126924,0.9753799545393922,0.9358344918782907,0.9234603967615165
215938,0.9433176551894593,0.9423479469749971,0.8714153336414465,0.9335084487952604,0.9453559633472082,0.9344348316765178,0.932456430144844,0.9229114197398983,0.945190843468377,0.8970789783523836
215969,0.8942527382756909,0.9150406110896174,0.7941617868052053,0.9114261646600107,0.9135790819325372,0.9123038508432024,0.8970141636022696,0.9228715407564062,0.9206933795426079,0.9440918479769823
219670,0.9725171668281699,0.9699124895375872,0.8087254587977343,0.9758747660150839,0.97457221744439,0.9789049696596746,0.9813519122349164,0.9688285385713143,0.9822088154363956,0.9441193532946979
222273,0.9513227902095476,0.9585375455306608,0.876415866342777,0.9381849865240003,0.9522461761614681,0.9416294231647928,0.9361208325325409,0.9120936741201999,0.9499996596204456,0.8973664137159391
228600,0.948401042467025,0.9285347978511594,0.7755873773040828,0.9601850989338896,0.9392314447098793,0.948333215091363,0.9687480589860952,0.9453712206568712,0.9539075119128582,0.9238558291108105
233871,0.9653689680591859,0.9739919756018064,0.852670714468877,0.9556793650580142,0.9714880880608034,0.9648364998678606,0.9489001648000597,0.9339449168319712,0.9701485921433015,0.9070478790473218
241073,0.9602447735799164,0.9481033212577175,0.8002447646932374,0.9662144458806368,0.9523985968697184,0.9501507380194464,0.9654741637346842,0.9488939310588912,0.9699387531357743,0.9382192915299611
242995,0.9768609948728355,0.9644230855781006,0.8024429590664395,0.958468444149532,0.9802297028416219,0.9591520428737964,0.9644696025029035,0.9429966518659141,0.9833000522997418,0.9288531168406187
243608,0.9747773303657529,0.9585718882442948,0.859228805097193,0.9454496083006585,0.9674078493110781,0.9449555445477956,0.9532624210643994,0.9039539447708758,0.957331174185467,0.9116924007623953
193475,0.970092804551426,0.9849754123803134,0.8249241740820356,0.9681908561362774,0.9832736398682977,0.9774522145654739,0.9659614194296475,0.9616427267020448,0.9845362126290818,0.9316480231392396
200820,0.9680602078792283,0.9780998137248584,0.8424107819334208,0.9555079917921133,0.9716883894622783,0.965117417015297,0.9591395916797665,0.9422569541188637,0.9716093898344196,0.9075980196878856
201103,0.9586293068704944,0.9692996335696318,0.8448639684372602,0.9443563865292701,0.9574147252248276,0.9531186068278703,0.9397721273614413,0.9173685964780652,0.9603381310083174,0.8900239526855434
202528,0.9620962547924823,0.9750474185954955,0.8188742180470758,0.9825688542078245,0.9680576855392883,0.9838079936043775,0.9724131257605664,0.9683861215865075,0.9711432902892632,0.9441745436059363
202864,0.9536097695416803,0.963593327832532,0.8355096042312512,0.9479177358924735,0.9579890356669546,0.9467702613102551,0.9436733111524213,0.9252163120163732,0.9532682681955937,0.9157725445251442
210381,0.9295957295737419,0.9483750194921421,0.8189934634469554,0.945930908530747,0.9269026603932883,0.9491992830992078,0.9338708550117195,0.924619120095817,0.9328398528328671,0.8992375943159436
212066,0.9502270726554374,0.9567137988885425,0.8730872203665515,0.9369514165440671,0.958383858351506,0.9419585368449446,0.935254799135421,0.9135778296594881,0.94806464129668,0.9055681602619355
212483,0.978455394036753,0.9568524662851474,0.8300666580762828,0.9489861852488217,0.9822879821259065,0.9582594823817778,0.9563176933600762,0.9292182413047663,0.9755182224602972,0.9135971774357838
219957,0.9299503484879384,0.9272471501650104,0.8342575864214569,0.9297771063833776,0.9276861639254539,0.9288298345885156,0.9256192581226315,0.9224544223451111,0.9345802652969244,0.9013433564011314
221197,0.9254717051972586,0.8984258205855628,0.9328096097213248,0.891122883790126,0.9071346404818882,0.8994882676713727,0.899094078690448,0.8519415905159934,0.9031395964930944,0.9106723196098863
221713,0.9694147634482572,0.9848346422456369,0.8468032837275403,0.9708910700412927,0.9850376726703425,0.9762307928840006,0.9626015275464609,0.9520472217127921,0.978607142122603,0.934047783159005
223668,0.8975804154157966,0.8989904827543534,0.7108972433964421,0.9407334902796326,0.8951425615585489,0.9200064724259925,0.9279816607286107,0.9545188809035,0.9256265710387941,0.9005749894547601
229640,0.9721517297945856,0.9534990853666956,0.8416646910213149,0.9529922964025194,0.9678134577327473,0.9585053729643547,0.9605755642764889,0.9319909122800066,0.9656869675259514,0.9245318878134325
229650,0.9754985914382895,0.970594100017919,0.8114909122388912,0.9825928401231633,0.9738150619123264,0.9859236639554566,0.9883405462808746,0.9722529819458952,0.9817116120842017,0.9486026773097804
233911,0.9316287286617878,0.9339925871435226,0.7847529846573839,0.9358892736286482,0.9523500487949186,0.9350963101940355,0.9235207454019885,0.9068015373567536,0.9361718373500727,0.9165914703704214
240020,0.9419403319302363,0.9423608746992661,0.7593592224479512,0.9762347765113442,0.9451584999056059,0.9630695658953666,0.9733134961984805,0.9812552788833041,0.9674046559700178,0.9517087172962274
240773,0.9660574164583982,0.9584267257513213,0.7823200715415951,0.9794918151073392,0.9656123908152077,0.966879458618811,0.9826059432470777,0.9717342433964983,0.9728610425794855,0.9511062001042929
244187,0.9328022654407586,0.9317782519626863,0.7635083125097888,0.9649184442780462,0.9287867276050956,0.9539644471368164,0.960528843528593,0.9572453230825109,0.9498754229794112,0.9327604011300745
244661,0.9252896084449945,0.9132119155974295,0.8494210225418631,0.9107953744211144,0.9161118462640351,0.910624924283465,0.9165407855269825,0.8866098928394627,0.9209930651641259,0.9460337758171519
246118,0.9652288574126127,0.9622926055474142,0.7985421850729639,0.9824733063962934,0.9671015526209301,0.977539913730221,0.9810491507384065,0.9735959232304159,0.9743541742590862,0.9556958240797297
246974,0.9405360809505148,0.9301619496410635,0.8589717191070034,0.9371726672413636,0.9310043686477696,0.9259583410726289,0.9390950555197537,0.9129250663933289,0.942313473122554,0.9673140682220074
247385,0.9587567332875009,0.9447650613875289,0.7686521384453142,0.9806443032610598,0.9538135209867012,0.9699653017431347,0.9793646957222333,0.9768539551697283,0.9707929295659258,0.9530329568231556
253122,0.9562888053276495,0.933326989208816,0.8026653977664063,0.9543682818803279,0.9522197722277966,0.9512179153529271,0.9615938558445323,0.9414891214498343,0.9552967666777372,0.9214892403577302
253766,0.9709496263723236,0.9504143618282466,0.8377853500715643,0.9500687246020572,0.9655590016999586,0.9531414880652646,0.9539007689043787,0.9298893121844227,0.9703358124879299,0.9166028691903302
254258,0.9782062691912646,0.9653049208402815,0.8343534058862446,0.9706616062061459,0.9692559327700297,0.9610431177307508,0.9775576902439103,0.9530305592932238,0.982060923262338,0.9333571718793916
164766,0.9481443971514736,0.9553531116754227,0.8004733739835626,0.9702559074059969,0.9537613226065926,0.9760039634827563,0.9633424913487266,0.9710831990542974,0.9667197277617802,0.9303456151421371
177564,0.9408884160949467,0.9444699582879489,0.7915604239373357,0.9449520530334965,0.9634466065328443,0.9560789641250437,0.9452706180038174,0.9265384511533876,0.9497109115866985,0.9130599318840441
179663,0.9659640096167466,0.9739815424933403,0.8443578588192266,0.9664439256202659,0.9724007406129208,0.9773956449181668,0.9579339303648194,0.9531047474858182,0.9744726164891359,0.9207850751449336
182694,0.9595921204333162,0.979043137960011,0.8156923420351312,0.9719194427822812,0.9639516912831352,0.9658167916565898,0.9577039653159758,0.9635641249086969,0.9758178510952354,0.9324712779266725
184229,0.9469348424517042,0.9656079484267901,0.8176748977201019,0.96990521286694,0.9551533206232925,0.9653376737382379,0.9559849046803411,0.9470100084946409,0.9567522464707996,0.9336871348912315
202115,0.964934581231924,0.9714940341452142,0.839620226243891,0.9621462411005212,0.9702021843399734,0.9713966862553332,0.9630425490959248,0.951805586139173,0.977995920938703,0.9228575553267495
210389,0.9346632631502813,0.9195428315488015,0.8388979207346886,0.9377546925588778,0.9282613423598057,0.9344543314123408,0.9369674289369959,0.920083988183408,0.9358633852440992,0.9053796640095719
213512,0.9418077437394698,0.9681472744386409,0.861172764028639,0.9255128100877922,0.9551604136216988,0.9367064342556582,0.9160576651050166,0.9034287224923047,0.9457803396807105,0.8864679865209298
222306,0.9774994640794659,0.9856383448949925,0.8660166946633903,0.9678946148070294,0.9792244452231619,0.9762845388374747,0.9660516800159925,0.9427601895514363,0.9778914358207175,0.9297379543419525
222798,0.9659995368646407,0.9681850587453654,0.8703981636365263,0.9386378324504012,0.9652416183463411,0.9428387693857437,0.9328275784855176,0.9136892761572228,0.9642433543464937,0.9048065396587254
223747,0.9133447357824596,0.9340348094412834,0.817189653487321,0.9320268011256397,0.925394007141685,0.9313510126305614,0.9249071699613631,0.9376661337025103,0.9346155132019957,0.8910357006056675
225996,0.9564798073492353,0.97190273866739,0.8156657199566204,0.9810152450052256,0.9754712381684215,0.9830753319031738,0.9648788764792614,0.9631717606675879,0.972184502982283,0.9478573150780887
226005,0.9780556869486075,0.9791348791521776,0.8498365976079538,0.9582349490667019,0.9860282281749867,0.971764555573687,0.9585068773921426,0.9300742336109908,0.9788549079807031,0.9128380475972683
227675,0.9845161454644514,0.9788516326397719,0.8701321193667871,0.9599124656512646,0.9815329519511661,0.973863215120462,0.9623199842988759,0.9291712365457729,0.9757690420484022,0.9165678524615146
228759,0.9466709191499657,0.949783649905604,0.8003778727415435,0.9641958501037668,0.9437792821292517,0.9589463931971721,0.9559399025416151,0.9545817130104203,0.9528828317494088,0.9411321657888313
229249,0.9475851548649624,0.9084644441647912,0.8492964302433672,0.8884564708931257,0.9376348430452043,0.9074538660915299,0.9077858174121314,0.8427790285121372,0.9216009841839967,0.8510148185650711
232759,0.9618353597296202,0.9653354825466073,0.8020067638569166,0.9845343204922886,0.9603949510519603,0.9678259352594223,0.975430425680888,0.9727523099703449,0.9711131854667349,0.949054120002465
233476,0.9513348098270483,0.9353113792345459,0.807274875921408,0.9499395194659889,0.9429138538373345,0.9361530157679813,0.9503420485269791,0.9288849271383689,0.9528266959492508,0.9278704911206164
234258,0.9797767078721822,0.9811963490056915,0.8604090554900375,0.9663508346992462,0.983434235637925,0.9698346318006856,0.9699443850811267,0.9322506837407084,0.9783424739484338,0.9321293120248728
234300,0.903825397895498,0.8625056946915355,0.9184898185915384,0.8508548813097503,0.8721384803731975,0.8621307724802602,0.8689195756955163,0.8102871737231134,0.8699737517729855,0.8738120430772597
235166,0.9618836659077731,0.9459255612406873,0.8201673404549374,0.9497849839013599,0.9599081093959616,0.9507082534919662,0.9621432072914619,0.9253267433227493,0.9534281544428056,0.9246341470094331
235751,0.9623017447428512,0.9638610258754732,0.8006232376964947,0.9778849427397112,0.9585326652869376,0.9716720124555644,0.9737175891326783,0.9712580505672402,0.9720842171464376,0.9444751593607605
237600,0.9589368618603868,0.9527278596716943,0.9066264820433724,0.9115196889343402,0.9522021069547998,0.9270383560030191,0.9206775954937428,0.8763366274690447,0.9460590336192972,0.865621464828373
238346,0.9745617857949255,0.9527365242459637,0.8272950788965544,0.9616836367439766,0.9652304748133906,0.9514235050316385,0.9731784918505418,0.9408448307288814,0.9783857526720016,0.9265369716776912
238379,0.9368348282860886,0.9274413344413758,0.8642579416332519,0.934891653276975,0.9255734439077632,0.9324159324784356,0.9394521714130286,0.9355929328449626,0.9407237251087628,0.9539310171065288
239513,0.9531264640144994,0.9472112990869866,0.8148028576705865,0.9529264132512462,0.9438608738126347,0.942927303206162,0.9619618571978639,0.942569261640121,0.9593845482419773,0.9218497841121736
239948,0.980723736683341,0.9690980901066033,0.850574885437122,0.9794493393416409,0.9777147017075998,0.9818347948878678,0.9792869688480169,0.9464648238538769,0.9766617757957552,0.9448822654435792
241726,0.9843328572507252,0.9772444789347314,0.8637456102151408,0.9626850016750236,0.9735282553580005,0.957979937669818,0.967189378600603,0.9354419175632783,0.9723252954977653,0.928068441493421
243100,0.9228312165147077,0.9247590175213247,0.8495659895597503,0.9271558453446999,0.9222774278144293,0.9249579473326405,0.9264603875138429,0.9132750728170829,0.9287444373196044,0.9588164108039331
244318,0.9449113743836789,0.9448264164365316,0.8875028629814808,0.9323454606572572,0.9423428082131742,0.9395436516749617,0.9338026148853303,0.9184722625768589,0.9477427253721955,0.9559048447552065
251362,0.9322089734589578,0.949530297439356,0.7713533854735749,0.9619448083666653,0.931718120174579,0.9507497255896714,0.9536499269763602,0.9620706297435115,0.9513707109382941,0.9306040848098919
251776,0.9152613299947563,0.928543810257586,0.7281759632196247,0.9603336778249157,0.9261798100175614,0.9445918591252809,0.9571089758202133,0.9691748976159034,0.9462804813127235,0.9205057711837205
253953,0.9332016813202596,0.9147984881656812,0.8989751213815079,0.9181297706701204,0.9158511262675193,0.9260601909509537,0.9203299130136904,0.8766051080205476,0.9076884942057369,0.8863944883121816
257242,0.9642048125521007,0.9545476940061227,0.793376380979712,0.9742695539876862,0.9602835589208203,0.9704456364435055,0.9709290753751849,0.9665392716246963,0.9691212833222272,0.9396961441584135
258598,0.9378847417317691,0.9276335097624097,0.7512979329430537,0.9645703352350719,0.9330563423126765,0.9476943875562142,0.961054723905487,0.9579279393534832,0.9555299744710153,0.936834209164019
259569,0.94940601930758,0.9522094032763428,0.8287338939951323,0.9564141032552189,0.9461488317176027,0.9610802900737769,0.9557952516353254,0.9370235856613903,0.9501475991211409,0.9158014317848213
260478,0.9023057949119005,0.8827565631474746,0.9376930920136842,0.8605230340905441,0.88214543404991,0.8693534512302757,0.8682533296619892,0.8081615568132392,0.868404231419525,0.8907677723933451
260839,0.9635060708686235,0.9561867214973189,0.8138485144659828,0.9758835978998806,0.9522972786014413,0.9584316902569139,0.9723197453699952,0.953340072098431,0.9622308338042036,0.9482479983335816
261532,0.9476774168123777,0.9445858114044587,0.7810004952578848,0.9681926869607342,0.9468185041833862,0.9609195948176293,0.9650688188011625,0.9573124121430677,0.9563779055557966,0.940370581712072
181205,0.9598232780913563,0.9621028067726309,0.8187517016132408,0.9685323677520473,0.9634851701488536,0.9706901435510699,0.9684943067422972,0.9482432917842227,0.9657173602308167,0.9298933365790536
188062,0.9440706720237244,0.9600807890190025,0.8342863345443605,0.9549847052425602,0.9498773600513202,0.9624861500770219,0.9456005384709864,0.9330310172216825,0.9459488799428694,0.9168203650607598
189115,0.9366821551844707,0.9315883760466714,0.7777311180715789,0.9530881899187524,0.9359888514203714,0.9492230846440726,0.947128393296353,0.9408594003998493,0.9480363797891924,0.9210963000478117
190620,0.9580103026295368,0.9760627966383053,0.811795665774091,0.9757801574074445,0.9682968208549353,0.9804762693033751,0.9675634948223202,0.9547847454609103,0.9695483510968135,0.9416383054691719
191108,0.9273910278686059,0.9461434884725494,0.8976185147923771,0.9179232584346938,0.9347487114800513,0.9330620773613466,0.9085547314393019,0.8903836647424486,0.9266032667985947,0.9354441733298997
192624,0.9779138178542881,0.9817963759845845,0.859449040665614,0.9605717016776032,0.9843853824541906,0.9731236894286127,0.961117293353931,0.9411584327894565,0.9767582773321386,0.920785884844419
196353,0.9481070906836202,0.9745235323510025,0.8137233736854317,0.9648472137228274,0.9728742658508646,0.9796983947259621,0.9552300356994358,0.9527015758556977,0.9614050056690824,0.9309230067171591
197831,0.9731138356816229,0.9765327777171494,0.8377287094609196,0.9712003565914641,0.9729572555889618,0.9701266421526878,0.9669645262642239,0.9623862912159726,0.9828282642836859,0.9327428227101403
198000,0.9557336098067534,0.9772608192170931,0.845528847293484,0.9545685509200889,0.9615623837881482,0.9635805276041561,0.9436517246093588,0.9387734289518532,0.9638043744880279,0.9101290065394559
201078,0.9362740623276288,0.9511904423178914,0.7756118327450198,0.9756328151219866,0.948499965623448,0.959090990408845,0.9544583356745439,0.968712674585286,0.9573971735304313,0.9404442851583679
204664,0.9649429498933273,0.9570193485243221,0.8260380498192441,0.9427096304811152,0.9709365194177948,0.9586048970683912,0.9434602136395497,0.9196796320023394,0.9650178548597179,0.9073020190768212
204979,0.9299163454911272,0.9270151958909595,0.8557744211521721,0.9297943197656519,0.9384855606194366,0.9353696592999853,0.9280227236270395,0.9014929779280667,0.9252867770175857,0.9001177326084736
206161,0.9265669735795021,0.935520930872915,0.854663660073792,0.9242104701386343,0.9207451599338018,0.92316351684297,0.9205287534909734,0.9100916230728728,0.9339516486029178,0.8823397877338578
209315,0.915585666812651,0.9245495434220806,0.8111915827538437,0.9334285351894303,0.9260723664954853,0.9268150892261364,0.9266476915255453,0.923555895083339,0.9223661604606569,0.9011699678163612
210029,0.8916519381000787,0.9096756756132336,0.7813590337212813,0.9312208836597835,0.9015918295523969,0.9215215617528547,0.9217870104552021,0.9322607171408045,0.9132577728403245,0.9697260243841432
216790,0.9663367216382298,0.9814571832638059,0.8582087279921669,0.9574720902167831,0.967540503131735,0.9636337615987515,0.952909146962298,0.9474456918115174,0.9646877432785295,0.9199962634475058
221271,0.927518254122484,0.9513641822281423,0.7723529456028223,0.9614888614019513,0.9354428397528536,0.9508346571940182,0.9467810783708416,0.973270019826348,0.9593433971388641,0.9238410228381327
221684,0.9535599593229931,0.9649354178845354,0.8061285276063967,0.9617857769514078,0.9536948123039297,0.9622259061616218,0.9646092477065493,0.9695892321545757,0.9713822735446355,0.9199840159265209
221853,0.9595190134123017,0.9476640224554209,0.8105672772995198,0.9498235086804011,0.952927282322036,0.9527599845150653,0.9532764401926637,0.9295623529710119,0.9512207160780781,0.9105990972707455
225768,0.9830634330730457,0.9607434262951444,0.8220569545189799,0.9650841554284157,0.9732158313412469,0.9645760719036176,0.9722988041629432,0.9357477689006731,0.9727603020157624,0.9355827086402206
226087,0.9500873976168782,0.9465053483206051,0.8117308022272817,0.9410344182534048,0.9479360827528815,0.9512501100180706,0.9417608060643757,0.9269968534180523,0.9583646533098791,0.8986492908001354
230055,0.9783953916137893,0.9715812801214756,0.8257179791451748,0.9809300762894477,0.9712946290363444,0.9786670658728691,0.9781734871646076,0.9573064171900975,0.9761826087576868,0.9489499196202168
231145,0.9509280110654589,0.9442225048499615,0.9079527650893162,0.919987614225523,0.9509610594530653,0.932282734710557,0.9237012236105442,0.8891508944875541,0.9401433394125759,0.942173946330389
232687,0.9249183039545168,0.920535254229954,0.7363649801265035,0.9549865686762015,0.9285297918134164,0.9414078964380853,0.9497929196981183,0.9504327876023552,0.9431470005197006,0.9279011069567672
234941,0.9711538795567868,0.95784711561201,0.8105907200567256,0.9772131847062896,0.9649197038230488,0.9736064485016745,0.9834330652065162,0.962428134977537,0.9718036398892479,0.9448575734209441
241551,0.9649815119874605,0.958487104551526,0.8021437842114266,0.9760543542510897,0.9623500664036522,0.9683302212218463,0.9734678520390143,0.9526147982542914,0.968190757611222,0.9496648749955452
241566,0.9248282191380289,0.9215705103869001,0.8346603371850547,0.9422407733012257,0.9198301814775445,0.9374719453811609,0.9444227392630038,0.9379489546815957,0.9379748840220403,0.9086080807985154
241765,0.9068007547211757,0.9186051872398774,0.7258478170217368,0.9526629634791862,0.9036613968914837,0.9224785486194927,0.9414977243971532,0.9618187490923091,0.9287075211940675,0.9134361603257022
242628,0.964187364568364,0.9304779162529533,0.8200656723612129,0.9421984125938117,0.9491950618069533,0.9391579480110841,0.9499667881302623,0.9114475509286395,0.955532173113382,0.916359702043892
243210,0.9496761045913145,0.9519898757263603,0.7872964637198632,0.9756441132575737,0.9519797979320822,0.9617146837214008,0.9635240945184075,0.9672259269723049,0.9594087708534372,0.9444869579659663
243525,0.9533948111067719,0.9728198260642796,0.8503257175766386,0.9525080525615545,0.9534580424570562,0.9554112825850548,0.9448582643318305,0.9436689643933199,0.9585207802514566,0.9112710362895977
247009,0.9023757359767756,0.9017944973210728,0.8295538775526022,0.9208909195751139,0.8985622174459394,0.9208695471307867,0.9152134550206629,0.903050599479335,0.9066925323401187,0.9528943057141605
247040,0.9433739315869089,0.9333835705404017,0.7722802126901183,0.9507127725992367,0.9511458074961341,0.9528924738333019,0.947472423615596,0.9447408888620518,0.9527407910406159,0.9213643156122207
247278,0.9485597336551621,0.9333873873525123,0.7616368659976442,0.960140103997178,0.9359716345629076,0.949471498805469,0.9629049329466567,0.9577781619361996,0.9554940178688537,0.9327713703864551
248780,0.8684701999813641,0.8737187444860656,0.6659130486216692,0.9182241806027097,0.8680569024562408,0.8923176052922817,0.9075147139743026,0.9334601081847652,0.8972154287848318,0.8853967467748168
251212,0.9642879930999049,0.9614976346968525,0.8223805796108703,0.9684538010860979,0.9604966170523467,0.9568206004714073,0.9637793240190821,0.9488984960976079,0.9747153738888737,0.9322317713237619
251595,0.9817123914054215,0.9664125398922376,0.8385079607063695,0.9751960442881205,0.9734994610795695,0.9761694930143556,0.9827953208905404,0.9537735422248881,0.9744171058476045,0.9445860140641498
252483,0.9539695036053741,0.9366845275646121,0.8184146287049978,0.9556842075322443,0.9420795570964158,0.9538261931528721,0.9571995605240596,0.924051540966988,0.9504682922618811,0.9283681331248297
253237,0.9668028099908655,0.9598066209724241,0.841131629194096,0.9608641148069726,0.9703803310025646,0.9541472245898579,0.9587555494656086,0.944468945874184,0.9672891777020339,0.9266132731234769
255505,0.966336501396209,0.9716815892248184,0.8170305132003285,0.9792877305272237,0.9631754996146044,0.97608455482709,0.9787669040860272,0.9699924579632287,0.975695056107612,0.9418187862258699
255561,0.9319226661259208,0.9307584976594131,0.8594542300501019,0.9153039451750211,0.920197729200919,0.9109899439013616,0.9226186124081692,0.9017539909737052,0.9260934315633014,0.8924403483695198
256788,0.9642705863748892,0.9419346240561055,0.7992567702974211,0.944791502864805,0.9517426212527692,0.9407844976250925,0.9560570457187021,0.9420843654969938,0.967569406201509,0.9061114240302085
260082,0.9568821854548855,0.9499721760050065,0.7818763361180934,0.9688811721654962,0.9378197379064775,0.949252002047034,0.9733273618641569,0.9588081158164473,0.958840105753613,0.9390083773326188
261146,0.9590452629401307,0.9611003408764095,0.8286128381591215,0.9767499487813088,0.9559675679473397,0.9689384603728639,0.9724931960240385,0.9558353747051034,0.9635469161360506,0.9437623042428884
262491,0.8987299779305329,0.8968346465405396,0.8972096847274986,0.8458712741767057,0.8950571776015575,0.8789643497996543,0.8510369274833937,0.8112969443956771,0.8872822111067908,0.7973912972801793
262566,0.8540398587127997,0.8469961617686472,0.6435098654608696,0.8948685471317266,0.8595558136121167,0.8713109192170156,0.8941056728149961,0.9153212017818655,0.8927548265405019,0.8632900224314958
169638,0.922128951926047,0.9557907986526807,0.8131258129324472,0.930295395320146,0.9415737706161138,0.9475745057383558,0.9195905438383564,0.9284623460943549,0.9449410984493972,0.8829238173649995
171364,0.9674716832474967,0.98074875235777,0.8555629863990809,0.9578103319326305,0.9829767069090991,0.9718440692690407,0.9475446678276137,0.9307817167296166,0.9715304493151398,0.9132679565608682
178297,0.955402653962321,0.9714309708447934,0.8045629482842145,0.9704792990487056,0.9721903739047659,0.9752873651140588,0.965734868025287,0.9631772796959723,0.9693471374680506,0.9309129875820326
189237,0.9646744682333774,0.9747335892479462,0.8537476668204526,0.9680419493277717,0.9678104761746859,0.975305535478462,0.9626574774303907,0.9456323198645417,0.9659507244723227,0.9235273838739667
189836,0.9596568039365142,0.9764795898080801,0.8260302107286839,0.9732813590708225,0.9775742509945992,0.9851083372500036,0.9652859764735029,0.957950131840459,0.9687131804004252,0.9344654548479305
200844,0.9201262540668652,0.9277327868594804,0.8732714447898462,0.9188464694950063,0.9251372956783026,0.919747135337333,0.9065397811643711,0.885725075556791,0.9222158936753461,0.9516690024429636
208122,0.9401342908730255,0.9494585453718676,0.7668680288990869,0.9712206404984429,0.9379390235463002,0.9625703849003792,0.9662265995809107,0.9737992057697715,0.9602000079280202,0.9324591550196041
209364,0.9557208698529127,0.9476727285833165,0.7973394715526652,0.9650551818452835,0.9654040317842438,0.9733814248527343,0.9622020324199059,0.9636984185858986,0.9615142694396419,0.9333853832492922
210691,0.9680696669924277,0.9471075445533865,0.8357370257849452,0.951389743874177,0.9582734473396894,0.9487684302231456,0.9551189741996988,0.915507113002634,0.9488516703821179,0.9201621585389141
211594,0.9149624559904093,0.9051926864045655,0.8132934294246719,0.9272952698201881,0.9074767874533327,0.9231895827568916,0.9266924820380785,0.925615967264541,0.9222057216326889,0.8903408157184723
213889,0.9279926757526494,0.9282329533960101,0.864270086094741,0.9323844238168884,0.934328464211297,0.9385750470804894,0.9310462463868202,0.9086349400853343,0.9274427423351512,0.9010588635572776
215684,0.9013513483458703,0.9010343831900941,0.9193466973759348,0.888257368096636,0.9103142109863872,0.8947630662784578,0.8789991695234495,0.8555167005604191,0.8936001056167217,0.910516259818964
222691,0.9008871356671366,0.8864058719792594,0.9044263874147168,0.8772425131873027,0.8922353166870882,0.8909856638813476,0.875720267834351,0.8233830343546703,0.8757259282208031,0.9095907516908608
222870,0.978071753677096,0.971976672937315,0.8796405626741565,0.9432314254889548,0.9703513301854456,0.9559893727577122,0.9480971241024693,0.9072022882259907,0.9585941813935231,0.9016843718054295
226438,0.9388801307806914,0.9506891322539404,0.7718636018055017,0.9765306427519517,0.9408905941235859,0.9610369248503793,0.9704504456673928,0.9822198036586104,0.9592380733038782,0.9441726903525517
227961,0.921695179126599,0.8969423242074986,0.7599023747377635,0.9261550449041036,0.9201353182636488,0.9234028613801689,0.932219027102579,0.9124812167056842,0.9218668179841842,0.8974368240452765
229409,0.9280755568257936,0.9296056690037137,0.789858248236364,0.9251260251923649,0.9364092363307428,0.9489534158858355,0.920829972570719,0.9346387637359193,0.9477830634866354,0.884958528204194
231307,0.9250839279020939,0.8969292993832406,0.8327556863909878,0.9018788065506936,0.9187748778360848,0.899071526375603,0.9112673407753202,0.8814693783591055,0.9185257221819667,0.8684800020206246
231500,0.9522272842454983,0.9698480811104014,0.787495918860707,0.9671083908757718,0.9609989764789891,0.9705584283792582,0.9640099978345033,0.9659589117297736,0.9669831246227113,0.9296141799017575
232540,0.9557255064826495,0.9574883750201776,0.8405377539239449,0.9571869509632632,0.9606595374868103,0.9636186608283368,0.9520154851076748,0.9286490957876276,0.9478564285959569,0.9286076716569767
233514,0.9041194035754109,0.9158312180990962,0.7093938205812226,0.9423196605400703,0.9042158892989219,0.927102044606923,0.9384206838302565,0.9612561235610476,0.9287212437270146,0.90487910940538
235347,0.9727427772440518,0.9769091924008858,0.816784793324063,0.9766303397345307,0.9676797690387355,0.9754601476285314,0.979799532085548,0.9617938262833636,0.974635458115981,0.9411867083205974
237718,0.9057827911180157,0.8669380149282851,0.9250147847202591,0.8335580454231333,0.8838532445158414,0.8614933230148403,0.8546411702539182,0.7851535790018802,0.8619814263345482,0.7936470448487806
239119,0.9692599910785025,0.9747913673387082,0.8425724440370375,0.9695879931756453,0.9822072517819668,0.9799507293582997,0.967494651499178,0.9511003048875473,0.9694097596408098,0.9326633809093163
240585,0.9631606097877865,0.9566277633727202,0.7971061818576117,0.9823463954531444,0.9605451585899712,0.9778589627871427,0.9786476742242095,0.9745083685083394,0.9699295208014733,0.9474500757264713
241034,0.9762190281907716,0.9612885282816684,0.8047380638170766,0.9852018722130529,0.9707481627321438,0.9792393311026807,0.9907670654445686,0.9743064925098357,0.9817887612856042,0.9459112196185855
242023,0.9261805501732504,0.9159214943816767,0.7156893114151606,0.9523946650424949,0.9308162365825178,0.9442395799081542,0.9439817245855525,0.9385614247954698,0.9448303515377148,0.9284070596815798
242915,0.9299103570858203,0.915701148284388,0.85834325035896,0.9223235462068438,0.9216173515517745,0.925585884665155,0.9192206526014223,0.889469706419179,0.9187170826779743,0.8828697596596421
244398,0.9437031238702601,0.9318478333094098,0.7706669198464395,0.9599454078870995,0.9407646669576271,0.9516387636447796,0.9574645395101179,0.9487998571369312,0.9508663922976296,0.9280876885625788
244521,0.9713192628005258,0.9721490510119222,0.892166268107927,0.945376923199349,0.9756426179678093,0.9588386646346126,0.9450795520166005,0.9003506217665932,0.9594348620541515,0.9021590450616389
248056,0.9475898130267596,0.9504952609007788,0.7767325730662189,0.9599770050747233,0.9443972513783122,0.9461401979461123,0.952572626847993,0.9374594251614639,0.9525126596840927,0.9164239096477143
251032,0.9679816280339408,0.9552694070507376,0.8492693156995051,0.9508624128717501,0.9629934328380299,0.9592481894267988,0.9531391304270064,0.9214451388173948,0.965856158944606,0.9146653645972879
254327,0.9484251591730275,0.9414162517562258,0.815905706753472,0.9498220432679046,0.9337812640070242,0.9340568787875392,0.9507989926036566,0.9347396260542749,0.9460618182360993,0.9182817071691957
257121,0.9655462454503789,0.9552381629806748,0.8137245475269359,0.9580268288119775,0.964441053734106,0.9604852536681519,0.9620762022885582,0.9329966336123959,0.959625863814643,0.9260459490016241
257228,0.9586310667438491,0.9495181117510914,0.8001836289539941,0.9729752688122787,0.9528269927353151,0.9666173008985584,0.9704899594367107,0.9670711329573837,0.9629451467531278,0.9384739681958595
258093,0.9386817585080459,0.910705940368959,0.862198268213953,0.9173781986738424,0.9255244314698332,0.9159735754988831,0.9320259872168312,0.8905543120548559,0.9202917302547731,0.883904670283717
166841,0.914155439066747,0.9364832319217087,0.8832916483598907,0.90543290569289,0.9314681664508656,0.9283156735361238,0.8940503715870755,0.8829416780756423,0.9177707979616672,0.9284938139719853
172561,0.9525829923716052,0.9813999309356973,0.8409097162286499,0.9549930328614817,0.9545677188122378,0.9504392335335554,0.9428683760772181,0.9404167715575158,0.9580153359434248,0.9104387683390076
182228,0.9525981998376007,0.9669666567770216,0.7761856378891929,0.9715273092536465,0.9614591215967117,0.9750257462522898,0.9717909440921831,0.9705787063744103,0.9724461221746842,0.931418354499428
211144,0.9728885243287123,0.9608263224084896,0.8589468574621818,0.9564892442022574,0.9698093383868722,0.9678328620445248,0.9560740275808042,0.9428244550365259,0.9700455743091415,0.9169657066729239
214641,0.9486235696092183,0.9510326329497947,0.8334259338697967,0.948477863959992,0.9686722401658004,0.9751153046994749,0.9488032966881312,0.9273844956344963,0.9519675967986779,0.9099329297680891
215594,0.9549545600521689,0.9673634262702903,0.8127988866003064,0.9632343298557295,0.9639795721884801,0.9687967258285066,0.950507230956237,0.9532983189989245,0.9616664764756269,0.9234854521299001
221656,0.8810733569268195,0.8888892845863778,0.784502542706963,0.9192592245366534,0.8866915065143007,0.9057496065523969,0.910336497162396,0.9161937592552198,0.9019132374746848,0.958486514568042
226654,0.937974560763653,0.9569957503044052,0.7847109581863869,0.9690478178679608,0.9463849779323846,0.9585955457921828,0.9608363436325142,0.9585717807302805,0.9488851188119788,0.9328034637609036
230839,0.9200897347621493,0.9181576271127223,0.7290807831298949,0.9502766232037752,0.9143238173480605,0.9368758196893491,0.9554621296485638,0.9621196844070846,0.9414316391119492,0.9230860874709733
231973,0.9599360299761241,0.971657658896973,0.8431580057328869,0.9619989231284972,0.9640531548811708,0.9639462084854258,0.9614572876444935,0.9456722939949663,0.9692754356688034,0.9208277188968481
236209,0.9507175635017197,0.9293259199677615,0.7894983182527139,0.9619231416154665,0.9405207626828109,0.9514065790380644,0.9667057630519948,0.9405472730654876,0.9541147651404369,0.9374922596973838
237155,0.9306966108086775,0.9148115956834137,0.7698578388204423,0.9184417208629168,0.9242198395827687,0.9226549621442922,0.9379694600665847,0.9191402088909283,0.9433006772531622,0.8980118236689243
239902,0.9765651906446211,0.9632749254424133,0.8801984836843323,0.9489541800530226,0.960826162171957,0.958151058497179,0.9612025544975189,0.9332734221045105,0.9661214922169374,0.9048446699656096
241102,0.9368677646832039,0.9221973197460296,0.7339483820098879,0.9547613682370103,0.9348636226824518,0.9500024029624988,0.9603940490992534,0.9642651299657328,0.9515817242291995,0.9217303264890065
243842,0.9768260616049088,0.9545024987047485,0.8747664717340319,0.9346949409672461,0.9736544616415183,0.9446600564333748,0.9498985513094612,0.8969801972773562,0.9581092474849047,0.9008494834903034
244688,0.8304445924608329,0.8497486850223026,0.6376838755935539,0.884242820365382,0.8397115513895328,0.8574754103937204,0.8673489345550013,0.9061810646217947,0.8615515224293967,0.8507740281053514
244795,0.9667836283521173,0.9558403327741872,0.8293409613146757,0.9642582753505635,0.9580375334903668,0.9606510511889739,0.966056668366699,0.9361699708191149,0.9576047440933894,0.9256692945890699
248465,0.9340648914989207,0.9224759292574498,0.7896423453225281,0.9354490305099223,0.9329615818814642,0.9397583851780588,0.9440541096877022,0.9148553722953774,0.9320756770643548,0.913100621409302
248824,0.9706279098478394,0.9461144675016799,0.8451748551584123,0.9459112318542998,0.9525938273457637,0.9401709144152437,0.9552991008526696,0.9187332292231656,0.9572075314772628,0.9058308408238656
252254,0.9315829985038754,0.9316229055509064,0.7449956019438831,0.9619321894363425,0.9320072647568473,0.94619440914746,0.9543798398635274,0.9727678564548405,0.9484729344695614,0.9320607505823209
252555,0.9266097565298126,0.9154083395995776,0.8654498397009884,0.9114669799125391,0.92044855867439,0.9146928787115205,0.9118323627994739,0.8892583780202143,0.923146036990322,0.9498680454273979
253145,0.9233556711519633,0.9299777913874764,0.7606546380762326,0.9548475856094102,0.9096439836504544,0.9355283854524599,0.9531270999265619,0.9547791126478856,0.9355437943456262,0.9179203030076137
255469,0.924578856214405,0.9070073248092542,0.7395394364080521,0.9079077296962429,0.9315052270639419,0.9012236340698437,0.9104959843082857,0.8852072299145815,0.9333609312900801,0.8834886957316488
257866,0.9871755083639138,0.9795199615018568,0.8742309837058221,0.9594672838499902,0.9763195162475082,0.9603995611738846,0.9635961994921948,0.9226228259192665,0.9753000683517448,0.9233001831900632
259787,0.9571671508675382,0.9393014325905896,0.7855207751199349,0.9664923863735958,0.9547742092617965,0.9550279260769999,0.9679983093583651,0.9470698223733472,0.9600563397011727,0.9439353073193231
203338,0.9552262456893655,0.953238697570599,0.784677091348724,0.9728448805832608,0.956009822240355,0.9679196149700239,0.9743983409434802,0.9687020031262292,0.967827916787759,0.9332399631570032
205019,0.918988419841158,0.9167856242543194,0.8545891373571719,0.9199379922799712,0.9189553956383966,0.9279758472559823,0.9166715245049825,0.8970622424728882,0.9144065901434489,0.950592789664048
208812,0.9631969728097984,0.9679555129852554,0.8672955504689892,0.9297170581208043,0.971830143330939,0.9386606826444386,0.931360689053754,0.9068664801435207,0.9585685914116902,0.8892202295031088
209526,0.9626007335358068,0.976805966722781,0.8543024688992046,0.9486421746675727,0.977823153121174,0.9695889209754869,0.9448463216775165,0.932977809771489,0.9711958255762222,0.9079323143886477
210352,0.920090827507284,0.9276040803235989,0.7622335413057766,0.9583191942582601,0.9153899242642675,0.9474388773809237,0.9501041099441232,0.9619080794154244,0.9410742730157948,0.9274274030171996
213093,0.9237928653748266,0.9473304286396815,0.7836436754503766,0.9508691116385012,0.9459410226759823,0.953942920604823,0.9446181576228173,0.9486390935924528,0.9444840742365729,0.9160472040779138
219486,0.9285964313473972,0.9268054169864519,0.7666557975811857,0.9462934113883712,0.923878014905635,0.937654212898278,0.9506088863005513,0.9499092735960418,0.9388320784593147,0.9148386065120176
223650,0.9466746561527198,0.953281113004438,0.7938565633330649,0.9674289273742286,0.9613065060821636,0.968811168999459,0.9598541304516346,0.9576748121458369,0.9531393831141357,0.9346083152999156
226514,0.9615999898935232,0.9567447044569111,0.8042918454835186,0.9685525504596985,0.9679200765745256,0.9704803496802055,0.9720036289550342,0.9583368599454143,0.9672861963741416,0.9423246331846742
227603,0.943812986782993,0.9324672633864783,0.7905242536209155,0.9503448122993091,0.9370007127075388,0.947380823079235,0.9598015843598899,0.9395593184793423,0.9389706366708916,0.915193892595476
231101,0.9521860786120748,0.9426295032681911,0.8060270105488805,0.9564174348398179,0.9517883630892466,0.9532540592310477,0.9560492595890507,0.9407857349511191,0.9488056715281278,0.9311028214543919
236310,0.9733726350832523,0.9695751572043668,0.8306128675700706,0.9777308332677542,0.9711659707939513,0.9795548468558976,0.9817110330921358,0.9589201576329118,0.9739713236747641,0.942485241814418
236787,0.9313682456176949,0.9398057326283626,0.7637419902271697,0.9692288634750088,0.9272389850614078,0.9576260491586496,0.9693525480754235,0.9761579995419771,0.9510427549307096,0.9312721464661333
237503,0.9697480918497094,0.9513800434443319,0.8315638114843051,0.9536502595929818,0.9615514283268879,0.9548518452301442,0.9605944008538677,0.9423234390800672,0.9710056095599015,0.9192107831994698
238189,0.9730314827914016,0.9731518998077251,0.8548035666565124,0.9541122325332135,0.9741518928597432,0.9596389500474972,0.9569441867260626,0.9310395764073984,0.970140369625736,0.9244579268519248
240150,0.8571985432665041,0.8369679347445004,0.7747264605841747,0.881223021174119,0.8481643679210426,0.8607480262476002,0.8826612323694215,0.8686433498185759,0.8626952968016451,0.9307908420968349
240606,0.9523081812292833,0.9452816526379303,0.8237978821680298,0.9314414166129396,0.9649774935827417,0.9434694985537364,0.9340938038953357,0.9187515722248667,0.9499666658071941,0.9110583960596951
241311,0.8691219869682004,0.8931695117835471,0.6647672217692607,0.9158060696593939,0.8933357404415851,0.8975582138282784,0.8989513043730113,0.9360525735233004,0.9026181720350666,0.8985473066816714
242541,0.9193937819145723,0.9332803620697517,0.7217194964166317,0.9538917164098514,0.916977143002335,0.935769334240956,0.9494465334071918,0.96490413392127,0.9418609751318939,0.9163709458705691
243589,0.9577395001799047,0.9569559288404339,0.8025416899867941,0.9677911340416994,0.9570803586202562,0.9706476125917559,0.9734574844777435,0.9599175382312779,0.9656822615960166,0.930694285231479
244196,0.954471386520041,0.9351949815915968,0.7800628332647567,0.9640975593697901,0.9448772063521218,0.9582171793562804,0.9733228285667337,0.9522035456888116,0.9582871125602643,0.9301774465220471
248880,0.9202589850406689,0.8940109823459133,0.7308607098233766,0.9365503441544271,0.9080080434931349,0.9278537067815364,0.9462544686290976,0.928871638916402,0.9275834057455343,0.9086786331388934
250725,0.9102308063371157,0.90079381668666,0.7037172201194442,0.9440555993924609,0.910854648849653,0.9282859304487331,0.9495696661656634,0.9619828462532449,0.9344296782415256,0.9176974988062628
251666,0.9491927071054244,0.951918109699833,0.8442102286084993,0.932156675734319,0.9629966754538475,0.9561105425409617,0.9356714211923725,0.9049362791231922,0.9415882450101777,0.8929059348743824
254284,0.9645381304704355,0.9621100881043312,0.8720976454446634,0.9497973911429402,0.9529331928069498,0.9529176328094129,0.9506180842071107,0.9263940041586519,0.9606521653194613,0.9134630214334236
255760,0.9612757952815237,0.9441452765266986,0.7953418326289188,0.9675198733554589,0.9487167709056191,0.9610715368716275,0.9757344116494656,0.9636002387018485,0.9619209233176367,0.9324896518990445
258240,0.9521208169220305,0.9491678788325888,0.7924903742034501,0.9634468374996886,0.9489355400666335,0.9598070603439663,0.9723745992469565,0.9492925953054986,0.9565792332830851,0.9334008178685573
186259,0.8394289707221264,0.8802838730864301,0.7300172860571782,0.8942799289757284,0.8726009145468517,0.8908477784196096,0.8745839089480941,0.9184057052393073,0.8814714969373811,0.933429997102984
193740,0.9541320473565245,0.9702042687383069,0.8144990159565563,0.9680747872381715,0.968478802578508,0.9732796236102554,0.9563414495391761,0.9570920857072913,0.960989905316577,0.9341362177285276
210966,0.9560852117358762,0.9524629707384279,0.7799896845180041,0.9770607257127661,0.9562599971660473,0.9662896555035119,0.9694937796632805,0.965871763608457,0.965757261780996,0.9403815596902179
213805,0.9145325524693126,0.9192529101068337,0.8324771791489346,0.9290616538863959,0.928141931386527,0.9283658445390094,0.9255445312921179,0.9142187407158694,0.9205506538950544,0.8932176729728739
230846,0.9062892236329326,0.8829240240898876,0.904777782088215,0.8742399852171785,0.9100166234155278,0.8842972831452959,0.8834224463106394,0.8431750061437734,0.8936310105214288,0.90399525718577
233793,0.8715935012666934,0.8877709259164177,0.7942414390739224,0.9154411415907953,0.8789121914595246,0.9056590183884747,0.9027402104943898,0.9157914761439392,0.8899790418043432,0.9464313677747148
233932,0.9273863685970098,0.8991546207763408,0.7487101644172182,0.9324991547455753,0.9175443265313009,0.929191195886525,0.945849028843995,0.9340908776977508,0.9275040828325579,0.8998878715571657
236325,0.9568828680073161,0.9532774905420067,0.8074396359454562,0.9672958987101955,0.9582184196003367,0.967577484479211,0.9676435721712329,0.9419492200692158,0.9640673902603353,0.9417381600895002
236459,0.8936728538942108,0.8925912653442712,0.7957278096722162,0.9109768816846542,0.892259593503799,0.9056401137149623,0.9097892897134539,0.9027522833918379,0.8983061748883192,0.9491616095983666
236686,0.8798228369776551,0.8726117123872382,0.8691270571387916,0.8822084874000713,0.8758882265285228,0.8810899132523595,0.8815404539915184,0.867131942212941,0.8771407361389787,0.9171308941737021
238009,0.9832913283617952,0.9717941909709208,0.878052556351459,0.9578405480516662,0.9736487522273987,0.9632067235585444,0.9626180653668588,0.9326075989448162,0.9711631539370493,0.9186518435431834
239317,0.9150378364340153,0.9133826604071674,0.7230915439927749,0.9455971361321309,0.9213042443504003,0.9357085456681177,0.9466142145726197,0.9509601734019142,0.9371125743856152,0.9187251154892114
239801,0.9144786252175892,0.9011757754749192,0.8319354443406225,0.920919938780842,0.9079626579969013,0.9171350331388559,0.9255308575347362,0.9031061629090054,0.9116788762384224,0.8926001391619424
241027,0.9456618454828007,0.9325358999942618,0.8742194034720139,0.922107650433101,0.94259236180853,0.9403634436533365,0.926311716194986,0.8904652156604945,0.9226092824527332,0.8850880337665077
242366,0.899802371227942,0.9109172404718734,0.8149654557032839,0.9233795640841246,0.8940027395566126,0.9131776256003403,0.9212710372397205,0.9190242043556262,0.9113538082929185,0.9631049990927276
244680,0.8951424394149926,0.8816424955151991,0.8480367821176337,0.8589023515844242,0.88118912663688,0.8673996259156207,0.8683733407542561,0.8249058494589965,0.8825217448852489,0.8943286553120688
245008,0.9628925518155514,0.9611398611046673,0.8007353613803123,0.9753386406834191,0.9540710467896368,0.9648348267777779,0.9765264294057723,0.9696325693897784,0.9689666547456083,0.9297810461402327
245126,0.9381703044637736,0.9142768340814276,0.7406432008937454,0.9422287757066341,0.9294332162517821,0.9311498601008842,0.9573924649486961,0.9365996315778082,0.9428365781523405,0.9102661827181334
246680,0.9614150237937127,0.9519402847407511,0.8088938793516991,0.9620718177035014,0.955707011199781,0.9606469964146238,0.967685666466611,0.9518497003686199,0.9594212361314318,0.9306631862308277
246991,0.8446983449611583,0.8602620224463128,0.6677866593450397,0.9032328506865595,0.8262506531370956,0.8761064062666221,0.8981275951904161,0.9314465936621801,0.8775523054911187,0.8627542581601569
247032,0.9185046153719111,0.931404824622761,0.7346770273202882,0.9580890051480963,0.9247020794725629,0.9540154675552274,0.9501064244692538,0.9729652704547119,0.9440679030776801,0.9219766761244408
247833,0.8506306151449462,0.8276693043624407,0.9391610629814735,0.7802394329996944,0.8272630163379472,0.7960291782382929,0.7937665816578675,0.7244707618573812,0.813231642647804,0.8200951463967423
250786,0.9130864753420574,0.9056041338756934,0.7453145019128394,0.9428139776256901,0.9100298752784087,0.9291565117052283,0.9413634166843579,0.9250562106041715,0.9257990405286242,0.9086593403871208
251548,0.962703147795274,0.9416443106470493,0.8434818307975419,0.9259862381195395,0.9591597676817677,0.9315116655486579,0.9365258551574474,0.8930755315618962,0.9457189244133447,0.892391635618564
252379,0.8941971172347443,0.8919186342644663,0.8321170925766784,0.9108573812254778,0.8811639564275779,0.8972984351127695,0.9113320460904416,0.8878637471960643,0.8955041311024323,0.9442430996102562
253095,0.9519198553654106,0.945571144130691,0.786532071150409,0.9665230801699138,0.9373409588743341,0.958689318594421,0.9744112738078327,0.9640239126481653,0.9578552882011924,0.9382711825428928
254636,0.9683563535387185,0.9318397142446757,0.8400663667416636,0.921325775365327,0.9540543719412337,0.9255417369612764,0.9403237937408649,0.8913582567646284,0.949982275820708,0.8885450387679875
259641,0.9394934977493195,0.917212688280193,0.8469193892538306,0.8991827958004842,0.9300836609681803,0.9129484680136729,0.9125336427345002,0.8446298249453134,0.9022456216800546,0.8667365444595863
259767,0.785527735439333,0.7662454202158766,0.7764457957976969,0.7925948435306241,0.7711607422097942,0.7755158908387542,0.7934013100625452,0.773931892637029,0.7868307778405371,0.8565457949932033
261768,0.9015651795972002,0.9014670700689685,0.6920147440404844,0.9418810899511373,0.9023293654147786,0.9272080003263223,0.9441311281472192,0.96458036775436,0.9295552074962158,0.9092250814858132
263307,0.9006272166842423,0.8855915099672074,0.6873537444694178,0.9259264644494162,0.8909168248198844,0.8995398128909663,0.93301060498182,0.9329597882570407,0.9179948579925263,0.8943059536251017
264239,0.9568904295341117,0.9426574141463012,0.8037880119240126,0.9610403265893745,0.9539794407865463,0.9601769135286148,0.9680867347996349,0.9460842224685181,0.957569945997209,0.9356077890037179
200936,0.9252967365598428,0.9333102288165508,0.7724478486489305,0.9637885515196354,0.9324794714335113,0.9541271406106792,0.9436744584672035,0.954560909706833,0.9407975880170588,0.9193822606627375
201491,0.929315103109222,0.9618888037563654,0.7915408665672009,0.962104220593527,0.9459840618166985,0.9623861878840316,0.9396796980053528,0.9551207765723682,0.94818689320647,0.9214055480823827
222188,0.8886363124238684,0.8872455872149289,0.8777868300890038,0.8642314828817916,0.893339276983656,0.8782340087137122,0.8580692326822104,0.806893387738467,0.8823031214938886,0.897685369399007
223941,0.9571044227583075,0.9356778588241281,0.7913519809705725,0.9502946155475989,0.9413786457100806,0.946204946029858,0.9631258739325514,0.9354706444898025,0.946512818533983,0.9149636679703965
224602,0.8982683093012382,0.8989246026165545,0.7978953165581126,0.9215719177846369,0.8987033479007076,0.9169160296617167,0.9180148857073605,0.9139183242692628,0.9143883456716979,0.9650270558797968
225716,0.9450579982818887,0.9635509919511203,0.8411699345346147,0.9523475496763782,0.9599541577599252,0.9678021646393886,0.9450765687788826,0.9277683064377162,0.9527588293229801,0.9044574098024655
231033,0.9639473285431384,0.9697122741774427,0.798311209093801,0.9871067063823017,0.9673058167957592,0.9785318739270084,0.9831961016131248,0.9743108629132573,0.9747377651695401,0.9460805653544212
239480,0.9293895783019884,0.911892525977928,0.7750463726098654,0.9291393792848941,0.9238357732073814,0.9285925534094323,0.9381379636426053,0.9194733264527454,0.9260199879820059,0.8968647541936435
240472,0.8981924165567382,0.9175817182210062,0.7048352247788573,0.9477625463630452,0.8960720432662843,0.9232637397100754,0.9387380935886172,0.9610709438687166,0.9257102311136127,0.9191181714714844
241397,0.9370743527215748,0.9288938815808113,0.8814699162688188,0.9188632674693024,0.9363350615018315,0.9204487452903759,0.9220494336993035,0.8993807819959313,0.9301882643498164,0.881112798116179
243056,0.9273879778904036,0.9349549482862443,0.7646928758668584,0.9458349560361676,0.948099064202039,0.9521234218078648,0.9492997162138871,0.9529194810319134,0.9439053154579717,0.9090198942162908
247001,0.9592426188751213,0.9542763278923231,0.8703929391071502,0.9497348696076516,0.9513479738936291,0.9495391980974475,0.9465869228917626,0.9224463981258749,0.9514119138543917,0.9021152160128364
247237,0.944977791717198,0.9243964284465112,0.8035816005102099,0.9428039103406465,0.9323741664280263,0.9256790723394038,0.953027594077369,0.9383434052882957,0.9471760992542032,0.9176299531354766
247836,0.9148297149258998,0.9008620250528183,0.7495691008456081,0.9378703329066226,0.9124721387277855,0.9228719505079521,0.936826528524077,0.9254199378597368,0.9182013936238297,0.9128242159635199
248050,0.9481549187366013,0.9275067379172742,0.8108378623590423,0.9255317115826769,0.946996921313933,0.9388425590726736,0.9357457771900884,0.8948837950084041,0.9373017886809589,0.8988073492184714
251889,0.9419207012428714,0.9380667415250764,0.7613381743807074,0.9519287197325444,0.9555399992503559,0.9519083894352309,0.9541986156213991,0.9465004003036285,0.9478215287872006,0.919581846635606
256510,0.8332570889346234,0.8461461342964472,0.6175023233147375,0.8789703610519206,0.8378580766981879,0.8557021839433875,0.8837125440372507,0.9242325822980715,0.8707926697957263,0.860401168227386
257722,0.892563160257842,0.9138850039276333,0.7071479129807398,0.9318980490489188,0.900693014952687,0.9205663555517503,0.9251138817479189,0.9368870757684488,0.9162517123343576,0.9012826321528419
258468,0.9409183023900203,0.9133935115732785,0.7590834645030803,0.9396767637515144,0.9375401574718665,0.9341219732407083,0.9469479238076532,0.9297295275402865,0.9403510594551918,0.9093412760681208
259634,0.9060522862045333,0.900652031598281,0.715795109304746,0.9517992314980136,0.9102926091176646,0.9317758686293328,0.9426480536467025,0.9457259583100689,0.9283013686049266,0.9229224566195413
218585,0.9544527140323655,0.97341565689381,0.8177434100739505,0.9583519662113293,0.9667478323268344,0.9622372323466474,0.9547613708803504,0.9545126590389499,0.9697820945292237,0.9219117082746319
225251,0.9545289190188815,0.9486651971805834,0.8565501733235205,0.947346964250614,0.9512592778226512,0.9593018807620025,0.9508170743902212,0.9345789715487361,0.9455857534304556,0.9115751373461114
235054,0.9148015651117097,0.9217975526775535,0.7486350513040472,0.9507103222756301,0.9095068086224986,0.9377074402851778,0.9438496990952894,0.9638321253254509,0.9262484113314994,0.9071574783681364
244128,0.9537930183331099,0.9551241340097164,0.8610593125722543,0.9452128279934682,0.9580084247123637,0.9497938740816152,0.9442258573306165,0.9171206312213673,0.9508044908534091,0.9150508149409076
245020,0.9085073890967342,0.8839130660648903,0.9120529260911211,0.8525445729670174,0.8829821223359403,0.8710119520262242,0.8686659769696579,0.8012525540202888,0.8722983263818072,0.8075994373260824
247125,0.9434785420634643,0.9432278164000637,0.7962015488642319,0.9618106083933329,0.9372047031185051,0.9545042382107692,0.9573774825081258,0.951149822813203,0.9432299669381777,0.9284406983429494
247308,0.8755016211814189,0.88749010286038,0.6814113913436021,0.9357610695765876,0.87965414897568,0.9116484079755242,0.9219027230249595,0.9526154762638238,0.9105974761192803,0.9061629583864065
252849,0.8895761785276243,0.8904747553017199,0.6891626891108675,0.9169537293037532,0.9002370894368185,0.910912660694447,0.9148008886624139,0.9438385991952863,0.9143274252960347,0.8947290298103524
255272,0.9322297541684017,0.8994636903411524,0.7861552653868602,0.9066159117220901,0.9242892641394863,0.9131248182471456,0.9197372048181406,0.8795720934341427,0.9180782406779024,0.8850291413089667
255534,0.92828548344216,0.9479999705136525,0.7712193749832074,0.9686348323790076,0.9326061809703989,0.9607245186341988,0.95451000975985,0.966999553151012,0.9445203492681281,0.928631603176764
257790,0.9425670559055179,0.9301816921796098,0.7501866203954743,0.9624503110531173,0.9408896862739499,0.9481868770845578,0.9702740538868597,0.9652759863875805,0.9550706455736979,0.9334597887437821
258667,0.936115842077417,0.9275304028525941,0.7846994789461254,0.9520138640588263,0.9247746680653952,0.9459778228860329,0.9578066964789613,0.9542493230665812,0.9412865326383272,0.9277370298838632
263801,0.9242490983344313,0.9098702582246151,0.7342589690951209,0.9461561525837722,0.9229684089564029,0.9326154302955185,0.9491550640439285,0.9233806723613018,0.9373009807416737,0.9127527804714859
263928,0.9321946114254834,0.923028392615909,0.7328017572664907,0.9576781909990986,0.9319791740977043,0.9488605939143503,0.9590997447739722,0.9655659279292037,0.947534209100019,0.920305581022866
209548,0.8742659938351711,0.8733666454973923,0.7780252920116659,0.8984098080461357,0.880723582728784,0.8939420579930268,0.8934116345275334,0.8953399851286907,0.8882322749472152,0.9524819119875272
210684,0.901253253737237,0.9098770231701963,0.6917069676284544,0.9502718089419212,0.9073071332352238,0.9262288028493922,0.9417951694584982,0.9651660744024052,0.9312848652779926,0.9209283044527753
237175,0.9034481578203167,0.8972787421205101,0.7123643692841846,0.9251378937497307,0.8942660395398287,0.9086818768584985,0.9405092669789089,0.9487757531798444,0.9186003814546134,0.8918094464819525
237714,0.9003819007003065,0.8792607466752803,0.8516402260241627,0.891285051811716,0.8824151097660571,0.890504491892276,0.9048495117966454,0.8789386750678071,0.8852560582090749,0.9348447448625693
243088,0.923631770774263,0.9154490776347821,0.8783836762680914,0.9150818113509407,0.9156407250399718,0.9205181242612088,0.9192756992802669,0.8918320052341036,0.9137714214911195,0.9448919635275794
244733,0.9228165604523141,0.9205002538967535,0.7485580425129349,0.9520584745834073,0.925463449083925,0.940652710404877,0.9526891144460962,0.9521103598812479,0.9359948542889349,0.9213809515268224
259144,0.9507116391691484,0.934224736554965,0.8269738958387144,0.950797274086392,0.9359324817357944,0.9480980476567156,0.9561679888327785,0.9251120065139595,0.9390485557330533,0.9172400298877789
259341,0.902326352469711,0.8965757350507555,0.720742414770968,0.9383858381966504,0.904845341839216,0.9170672225679077,0.9360873141177979,0.9212939160436028,0.92815699037935,0.8979264184258559
261224,0.913094389747612,0.9134171201089899,0.7545064013039208,0.9435350423330714,0.9102546839724712,0.9342129813864946,0.9479368505049294,0.9501579851679813,0.9301897410550031,0.9063365534091773
262662,0.876348446060675,0.8784872077409793,0.7223011633458406,0.906167408029899,0.8815412783441893,0.893036044106551,0.9009502294168921,0.9076022547024182,0.8863789628615281,0.8785492764342933
263654,0.8985605788558543,0.8624144954746386,0.7959557252903108,0.8475339988902187,0.8915369189807348,0.884421759280013,0.8672773679626246,0.8137980911628574,0.871598920445319,0.8230147597074454
221867,0.9022165325348055,0.8948090016831333,0.8810876985729107,0.8929290982398939,0.89072805864348,0.8917764136490947,0.888646381938528,0.868287730383207,0.8934989225520777,0.9249437469645297
236702,0.8553939006567406,0.8587700668134138,0.7697977266345053,0.8881128222258847,0.8539017744151148,0.8730599453769243,0.8846449850788684,0.8920494449163036,0.8685778225569709,0.9468161870540398
237020,0.9058046009051488,0.885365172619842,0.7496153598709289,0.9134054272180901,0.9131081005083385,0.9215274206011952,0.92043480510163,0.9100245685651694,0.9100839932663788,0.8836194977029734
241039,0.9405464008081988,0.9313647661165392,0.7878272229691363,0.9552952516563911,0.9490487666516371,0.9511473026546646,0.950668680557832,0.9253267063373409,0.9454294356439659,0.9234248672176754
243279,0.9453853454673897,0.9177171138522704,0.7887192611027705,0.9303715675381702,0.9491676156937039,0.9334001346972751,0.9419777082838076,0.9075447835186744,0.937276192910153,0.9001685414996689
246758,0.8861625632659307,0.8841007777391253,0.8314406256179083,0.8848764544664494,0.8873815477854703,0.8937563718653637,0.8868473647179034,0.8792612147613924,0.8783785046378939,0.9343305299792367
252772,0.8793527193386004,0.8643570032476295,0.693761172082474,0.9018041823819063,0.8790660898217143,0.8883154487915635,0.9039585473903013,0.8962925188032091,0.8878295853630189,0.868568110980599
258047,0.8773630786718439,0.8667296119084291,0.8372246000145087,0.8664889035475589,0.880004898231657,0.8738070058468161,0.868379750403903,0.8382852605824317,0.8659084866762646,0.9068409401770773
259389,0.8831203651381153,0.8825047922287745,0.6840568826239994,0.9225056163758616,0.889978738997228,0.9069815384941857,0.9177293936430555,0.9366132655789142,0.901228045112304,0.8976640078798688
259716,0.9666245209594821,0.9521913626751287,0.8191436477279752,0.9641279898955943,0.9541342946363722,0.9623234868988545,0.9760042979465342,0.9397230140681048,0.9583174948988369,0.9280593758413628
260736,0.9085158354575757,0.8929142605487297,0.7140054134328253,0.9282693763619976,0.9039583993431185,0.9165750724241429,0.9393043727710063,0.9394355874863802,0.9195028573894318,0.8940901125285512
242730,0.9316045040632024,0.924724916218255,0.785281866428395,0.9184122713792525,0.9340623795390292,0.9213383639371332,0.9190687489395435,0.9126031981641538,0.9253432726974065,0.9009180708900013
247330,0.8076973951765475,0.8061308664647201,0.7034056932275606,0.8427715095845574,0.8049826695842417,0.8184272617638939,0.8347165789417826,0.8496816342972341,0.8241552191919825,0.8944769748189226
252698,0.7776325510377033,0.7812854533981352,0.5779082107974937,0.8209403778272227,0.7763516104111897,0.797141279807726,0.8241217088526525,0.8623116712982833,0.7986095290923554,0.7986500314551793
253227,0.8050108576786469,0.7654475432792947,0.8969570327989207,0.7585174744455054,0.7896989883092939,0.7813294407711889,0.7682483571110936,0.7136774465978566,0.7604490129736812,0.8053065452217479
257776,0.8629384854492183,0.8389325101953478,0.6995870188814983,0.884208952868629,0.8488584538867817,0.8709899749594339,0.8910168443816134,0.8793640837030213,0.861385986707212,0.8589963176014869
263035,0.8731286599597924,0.8460718435513152,0.7096050539677812,0.891392929078084,0.8662224449465478,0.8753545408699552,0.8995758035295969,0.8655450269483884,0.8771800146332943,0.8686090307283725
263767,0.8781801128591261,0.882880403968594,0.7135980196934086,0.932367543076615,0.8808810744575774,0.9109046103143981,0.9123880128670676,0.9159112987822385,0.8973229459872257,0.9035086013322445
243890,0.9386678313018929,0.9283029623807246,0.7916358673199755,0.9438226269319339,0.9366062822159987,0.9469559218643842,0.9537946097140804,0.9366395032284515,0.9438737202209236,0.9082152612101878
251001,0.939360787329488,0.9437791093476421,0.8471115533919819,0.9262122837911819,0.9348148378759884,0.9396388072327312,0.9289368358760618,0.9123898963667542,0.9229183229882468,0.8990929825564206
263392,0.9328988438691144,0.9318180915024026,0.8379299724723402,0.9307406878557942,0.9295099510316669,0.9444966078631732,0.9291827017958194,0.9153756712437591,0.9255615764804355,0.8954619688436888
247766,0.9230975893472951,0.897949353406422,0.7674942313846917,0.9092355740601777,0.9207917393621645,0.9139355438527305,0.9203088646952037,0.8861835518293187,0.9084993558023977,0.8779731146196879
257490,0.8760984873884072,0.8385973689476028,0.8272397321552388,0.8538891882109257,0.85964047520207,0.8588055121146452,0.8716310085573028,0.8268806462473076,0.8534426771619673,0.9078090126372795
258023,0.8874730126876539,0.886359238713631,0.6928070967185442,0.9145229984137709,0.881985394441699,0.8993695239804133,0.9252758755184357,0.9357336866875591,0.90238720259882,0.8834466716637371
259396,0.9236059253213623,0.9077001076617217,0.731938314103466,0.9380684243656887,0.908491864859294,0.9218892720661168,0.9544855530759814,0.9439159498638585,0.9306627099084294,0.9045436492644697
260885,0.9244155078433393,0.9064990898949271,0.7426752888677263,0.9275651808347318,0.9174132794182401,0.9123916717427323,0.9379873631580234,0.9241186249268705,0.9220054126213553,0.9035202841139058
262224,0.9057080982175375,0.8972159270069308,0.8498591709221668,0.9011834780406915,0.9028639455663662,0.9049738012720919,0.9062212302177959,0.8871253379894184,0.8998547772005144,0.9466366316920376
264009,0.8961341136938676,0.8995379123545155,0.698880224810958,0.9255025712147944,0.9098722422554193,0.9179117239727117,0.9160017168867727,0.9337824973718758,0.9156978496517879,0.8978117907696691
241338,0.7988529576457899,0.8008267031364311,0.5949115516531327,0.842659615865527,0.8172344393178916,0.8202595083180592,0.8329204328548871,0.856002758625655,0.820443370817721,0.8244637327679493
251590,0.9166320530367145,0.9322867280122027,0.7693187378566735,0.9368461033495391,0.9211189531914356,0.9383395416154086,0.9369142794215825,0.9490860453203684,0.9267512316353012,0.9008039901267201
254475,0.853642473084983,0.8419335065759611,0.6680993607072494,0.8792799006732521,0.8542469966375917,0.8607193723580174,0.8847601336971174,0.8873878722160913,0.8655975035579548,0.8592032048863273
257221,0.9082641384123866,0.8832772359545534,0.8933020912912053,0.8609294871415478,0.8816563506293202,0.8698070920273236,0.8788181599079916,0.8225150053165434,0.8754927659189902,0.819847198579359
263802,0.8431180964064598,0.8123944956871135,0.6371045890888988,0.8587311425901177,0.8446935403614776,0.842063753699928,0.8684468169751529,0.8607254636684145,0.8515419457633246,0.8300543547123134
240393,0.9096858674855657,0.8787913933223694,0.7814809770270742,0.8932258689326343,0.8957274240053138,0.897904093396334,0.9121664953926988,0.8557347354551637,0.8958692759364076,0.8604376615540459
240632,0.8431358886642241,0.8309682008078993,0.7972137086183264,0.8318722648787382,0.8451825806326283,0.8486422571946617,0.8429903077686225,0.8216429764118923,0.835348182307465,0.881962193219499
256556,0.9563689390430932,0.9381633866121002,0.8727508879985847,0.9234980882786238,0.9483053624407712,0.9369610208385608,0.9379281136498261,0.9042356197427076,0.9429339987419821,0.8938262091364428
258682,0.9015459099374267,0.8698547199929133,0.7988393843139627,0.8695096637554723,0.8892679254283071,0.8787072213952173,0.8801070333541067,0.834200682649458,0.8734214240495567,0.8374442235803566
263482,0.8167626779160992,0.8221961790194158,0.6335664498705242,0.8673858194780739,0.8176107075002512,0.8446561392650783,0.8623697244026697,0.8696800983186614,0.8441973923671736,0.8398010832488854
259471,0.8085109047760135,0.8183175326399911,0.7519086702129651,0.8292450691880233,0.8160293623661592,0.8273098316426769,0.8260883279853732,0.829197193190472,0.819059432264249,0.9034679666611874
251564,0.816432650695435,0.8168104986780065,0.6438926584869883,0.8453874856091594,0.826381126253126,0.8412460982058978,0.8507859974590429,0.8662403916105658,0.8332195828772138,0.8291393600652754
262329,0.790790909856314,0.7573105412149438,0.579700069531702,0.8022290948600908,0.7895502062308891,0.7803200645572489,0.8094944550363977,0.7967715481267166,0.791275281528918,0.786050224738536
256324,0.8535846732939274,0.8302467633936778,0.8719191680652042,0.7976031797371702,0.8339150275588674,0.8191272144901628,0.8026515558079694,0.7535033855213716,0.8089345863811181,0.7691561875728722
