,sofifa_id,age,height_cm,weight_kg,preferred_foot,weak_foot,skill_moves,pace,shooting,passing,dribbling,defending,physic,attacking_crossing,attacking_finishing,attacking_heading_accuracy,attacking_short_passing,attacking_volleys,skill_dribbling,skill_curve,skill_fk_accuracy,skill_long_passing,skill_ball_control,movement_acceleration,movement_sprint_speed,movement_agility,movement_reactions,movement_balance,power_shot_power,power_jumping,power_stamina,power_strength,power_long_shots,mentality_aggression,mentality_interceptions,mentality_positioning,mentality_vision,mentality_penalties,mentality_composure,defending_marking_awareness,defending_standing_tackle,defending_sliding_tackle,work_rate_High/High,work_rate_High/Low,work_rate_High/Medium,work_rate_Low/High,work_rate_Low/Medium,work_rate_Medium/High,work_rate_Medium/Medium,body_type_Lean (170-),body_type_Lean (170-185),body_type_Lean (185+),body_type_Normal (170-185),body_type_Normal (185+),body_type_Stocky (170-185),body_type_Stocky (185+)
0,193011,26,185,82,1,3,2,56.0,27.0,51.0,60.0,77.0,77.0,40,24,74,71,31,54,22,22,62,68,60,53,56,75,69,47,72,68,82,16,77,76,15,35,20,70,79,78,75,0.0,0.0,0.0,0.0,0.0,1.0,0.0,0.0,0.0,0.0,0.0,1.0,0.0,0.0
1,199915,25,192,88,1,3,2,50.0,32.0,50.0,59.0,74.0,79.0,27,37,75,66,24,58,23,28,68,62,45,54,52,72,44,42,64,70,84,12,80,78,23,45,36,66,71,74,73,0.0,0.0,1.0,0.0,0.0,0.0,0.0,0.0,0.0,0.0,0.0,1.0,0.0,0.0
2,165229,31,186,75,1,3,2,75.0,41.0,62.0,65.0,85.0,78.0,52,32,81,76,35,62,22,49,69,67,74,76,68,82,62,54,82,75,76,47,88,86,39,56,51,75,83,87,84,0.0,0.0,0.0,0.0,0.0,1.0,0.0,0.0,0.0,1.0,0.0,0.0,0.0,0.0
3,178567,28,183,84,0,2,2,66.0,40.0,65.0,67.0,78.0,78.0,58,32,73,75,34,64,67,56,60,73,63,69,65,71,57,51,68,75,77,36,85,77,61,61,65,67,77,80,81,0.0,0.0,0.0,0.0,0.0,0.0,1.0,0.0,0.0,0.0,1.0,0.0,0.0,0.0
4,194146,26,187,82,1,2,2,63.0,35.0,43.0,52.0,70.0,76.0,38,29,72,51,26,49,38,32,50,52,66,61,61,66,57,56,80,72,78,27,74,69,48,34,32,65,69,71,70,0.0,0.0,0.0,0.0,1.0,0.0,0.0,0.0,0.0,0.0,0.0,1.0,0.0,0.0
5,163824,32,183,77,1,4,2,65.0,43.0,56.0,61.0,81.0,81.0,32,37,78,71,34,57,34,23,74,66,62,67,58,80,59,64,82,70,86,40,83,82,28,53,45,73,80,84,80,0.0,0.0,0.0,0.0,0.0,1.0,0.0,0.0,0.0,0.0,1.0,0.0,0.0,0.0
6,189881,27,194,81,1,3,2,72.0,46.0,56.0,59.0,81.0,83.0,52,50,83,66,54,59,49,22,63,58,69,75,60,78,48,42,75,77,87,35,83,79,48,49,52,71,80,82,80,0.0,0.0,0.0,0.0,0.0,1.0,0.0,0.0,0.0,0.0,0.0,1.0,0.0,0.0
7,212218,23,189,85,0,2,2,69.0,50.0,66.0,61.0,86.0,78.0,58,45,85,73,40,55,62,77,78,71,68,70,49,82,55,70,77,71,84,47,72,85,54,52,35,74,86,88,85,0.0,0.0,0.0,0.0,0.0,0.0,1.0,0.0,0.0,0.0,0.0,1.0,0.0,0.0
8,163418,31,193,87,1,3,2,52.0,44.0,56.0,55.0,74.0,79.0,56,21,80,64,34,52,44,43,54,59,46,57,53,66,46,82,78,67,85,56,81,74,51,51,54,65,72,75,74,0.0,0.0,1.0,0.0,0.0,0.0,0.0,0.0,0.0,0.0,0.0,1.0,0.0,0.0
9,192985,26,181,68,1,4,4,75.0,84.0,88.0,85.0,45.0,75.0,90,83,53,90,82,85,83,83,84,87,76,75,80,88,75,85,65,87,73,86,68,56,84,90,77,84,30,51,40,1.0,0.0,0.0,0.0,0.0,0.0,0.0,0.0,0.0,0.0,1.0,0.0,0.0,0.0
10,208920,22,180,75,0,3,2,76.0,49.0,67.0,66.0,75.0,74.0,64,41,69,75,52,63,63,59,72,69,75,76,66,73,63,63,78,75,76,56,67,76,44,53,48,68,75,77,74,0.0,0.0,0.0,0.0,0.0,0.0,1.0,0.0,1.0,0.0,0.0,0.0,0.0,0.0
11,176285,28,190,87,1,3,2,69.0,52.0,49.0,50.0,80.0,81.0,28,46,81,62,30,43,33,38,62,57,67,71,57,78,43,72,72,74,84,53,82,79,42,44,55,71,78,81,82,0.0,0.0,0.0,0.0,0.0,1.0,0.0,0.0,0.0,0.0,0.0,1.0,0.0,0.0
12,204355,25,183,77,0,2,2,65.0,40.0,62.0,67.0,72.0,71.0,61,41,72,70,33,66,54,52,68,69,66,65,64,69,76,40,73,72,73,35,65,65,55,51,43,60,74,75,74,0.0,0.0,1.0,0.0,0.0,0.0,0.0,0.0,1.0,0.0,0.0,0.0,0.0,0.0
13,192366,29,183,81,1,3,2,63.0,56.0,59.0,54.0,83.0,81.0,52,53,83,71,56,41,50,39,66,64,62,64,69,78,62,69,86,76,80,56,90,85,49,45,44,84,81,83,84,1.0,0.0,0.0,0.0,0.0,0.0,0.0,0.0,0.0,0.0,1.0,0.0,0.0,0.0
14,212419,24,196,77,0,3,2,74.0,36.0,61.0,66.0,69.0,77.0,70,35,63,65,30,69,45,37,59,65,73,75,64,67,54,41,64,77,80,30,73,70,57,54,32,59,68,71,70,0.0,0.0,0.0,0.0,0.0,0.0,1.0,0.0,0.0,0.0,0.0,1.0,0.0,0.0
15,192667,29,188,81,1,3,2,75.0,47.0,63.0,67.0,78.0,83.0,75,27,69,65,44,68,68,30,64,72,72,78,50,74,50,74,57,84,86,66,80,75,51,54,37,67,77,83,81,0.0,0.0,0.0,0.0,0.0,0.0,1.0,0.0,0.0,0.0,0.0,1.0,0.0,0.0
16,139720,31,193,85,1,3,2,63.0,54.0,65.0,64.0,84.0,83.0,61,45,84,72,46,63,61,52,66,68,61,64,60,84,42,75,71,74,88,55,87,80,41,59,63,81,84,85,84,0.0,0.0,0.0,0.0,0.0,0.0,1.0,0.0,0.0,0.0,0.0,1.0,0.0,0.0
17,208333,23,184,82,1,4,3,71.0,67.0,77.0,77.0,78.0,84.0,70,60,70,81,61,76,68,65,80,80,69,73,73,77,71,79,76,85,84,72,83,79,73,78,60,74,78,80,79,1.0,0.0,0.0,0.0,0.0,0.0,0.0,0.0,0.0,0.0,1.0,0.0,0.0,0.0
18,189682,27,180,74,0,3,2,66.0,37.0,58.0,65.0,77.0,82.0,67,27,77,61,29,63,38,31,65,65,66,66,66,74,72,60,91,79,83,39,79,77,30,50,36,71,78,77,78,0.0,0.0,0.0,0.0,0.0,1.0,0.0,0.0,0.0,0.0,1.0,0.0,0.0,0.0
19,199667,26,186,78,0,3,2,68.0,49.0,61.0,65.0,76.0,78.0,73,40,80,67,25,63,49,58,55,68,66,70,65,71,61,69,78,72,79,56,83,74,49,47,52,64,75,78,76,0.0,0.0,0.0,0.0,0.0,0.0,1.0,0.0,0.0,0.0,0.0,1.0,0.0,0.0
20,180706,28,190,83,1,3,2,56.0,37.0,54.0,54.0,74.0,73.0,39,29,74,71,30,47,39,39,61,59,50,61,64,69,56,56,69,71,75,41,69,68,27,43,28,67,76,77,73,0.0,0.0,0.0,0.0,0.0,0.0,1.0,0.0,0.0,0.0,0.0,1.0,0.0,0.0
21,189615,27,170,66,0,3,2,76.0,59.0,72.0,76.0,73.0,68.0,80,53,58,72,45,76,76,69,68,75,75,76,77,68,90,71,85,82,59,62,68,71,63,68,59,72,76,75,77,0.0,0.0,1.0,0.0,0.0,0.0,0.0,1.0,0.0,0.0,0.0,0.0,0.0,0.0
22,207993,24,183,85,0,2,2,78.0,53.0,61.0,64.0,78.0,89.0,74,42,73,68,31,63,43,25,49,69,73,82,52,78,55,82,76,85,91,52,91,71,62,56,44,70,78,83,84,0.0,0.0,0.0,0.0,0.0,1.0,0.0,0.0,0.0,0.0,0.0,0.0,1.0,0.0
23,206115,22,187,79,1,4,2,62.0,49.0,61.0,66.0,69.0,76.0,43,47,65,72,30,64,45,38,68,71,59,64,60,67,61,58,70,75,78,50,75,68,51,65,49,62,69,72,67,0.0,0.0,0.0,0.0,0.0,0.0,1.0,0.0,0.0,1.0,0.0,0.0,0.0,0.0
24,203487,23,189,83,1,3,2,62.0,27.0,49.0,54.0,73.0,74.0,46,23,74,61,33,46,29,16,54,58,62,62,72,69,52,40,83,67,78,27,69,70,21,39,19,66,75,74,72,0.0,0.0,0.0,0.0,0.0,1.0,0.0,0.0,0.0,0.0,0.0,1.0,0.0,0.0
25,203376,25,193,92,1,3,2,73.0,60.0,67.0,69.0,83.0,85.0,53,52,80,76,45,70,60,70,76,73,69,76,57,79,51,81,79,76,92,64,78,83,41,59,62,82,83,85,83,0.0,0.0,1.0,0.0,0.0,0.0,0.0,0.0,0.0,0.0,0.0,1.0,0.0,0.0
26,202335,23,188,90,1,3,2,72.0,63.0,71.0,65.0,81.0,85.0,67,52,83,76,52,66,54,77,77,70,70,74,56,76,40,83,77,80,87,72,90,80,53,66,70,77,79,82,83,0.0,0.0,0.0,0.0,0.0,1.0,0.0,0.0,0.0,0.0,0.0,1.0,0.0,0.0
27,184037,27,191,77,1,3,3,58.0,44.0,61.0,62.0,74.0,76.0,73,38,76,68,39,59,60,35,64,67,56,60,59,73,55,61,70,75,79,38,70,71,42,39,58,75,72,77,78,0.0,0.0,0.0,0.0,0.0,0.0,1.0,0.0,0.0,0.0,0.0,1.0,0.0,0.0
28,205452,24,190,85,1,3,2,74.0,40.0,64.0,63.0,82.0,79.0,68,27,78,70,34,59,34,56,65,68,73,75,63,82,50,70,74,65,83,40,89,79,33,57,40,73,82,84,81,0.0,0.0,0.0,0.0,0.0,1.0,0.0,0.0,0.0,0.0,0.0,1.0,0.0,0.0
29,225024,20,184,63,1,3,2,76.0,42.0,54.0,65.0,66.0,71.0,43,37,62,68,40,65,39,35,59,67,75,76,65,65,57,51,57,74,75,42,63,58,50,45,40,66,65,71,70,0.0,0.0,0.0,0.0,0.0,0.0,1.0,0.0,1.0,0.0,0.0,0.0,0.0,0.0
30,201988,28,189,83,1,2,2,48.0,28.0,51.0,50.0,81.0,76.0,23,26,80,70,21,39,49,42,56,66,48,48,48,72,48,27,76,68,79,29,78,82,36,44,42,71,82,79,78,0.0,0.0,0.0,0.0,0.0,1.0,0.0,0.0,0.0,0.0,0.0,1.0,0.0,0.0
31,186598,28,180,73,1,3,3,74.0,52.0,65.0,67.0,74.0,70.0,71,45,70,73,52,64,43,28,66,68,74,74,71,70,70,68,73,74,68,52,68,73,54,59,47,67,71,78,79,0.0,0.0,1.0,0.0,0.0,0.0,0.0,0.0,1.0,0.0,0.0,0.0,0.0,0.0
32,186801,27,189,83,1,3,2,74.0,65.0,61.0,69.0,77.0,88.0,54,65,79,68,50,68,39,47,64,73,71,77,65,79,58,74,78,92,88,63,84,81,72,63,52,72,70,81,75,0.0,0.0,1.0,0.0,0.0,0.0,0.0,0.0,0.0,1.0,0.0,0.0,0.0,0.0
33,207599,24,191,82,1,3,2,72.0,49.0,64.0,68.0,82.0,82.0,60,50,84,74,40,66,53,33,71,71,73,72,63,76,64,58,83,79,88,46,68,81,29,56,48,75,84,82,80,0.0,0.0,0.0,0.0,0.0,1.0,0.0,0.0,0.0,0.0,0.0,1.0,0.0,0.0
34,183855,29,191,86,0,3,2,70.0,40.0,58.0,60.0,81.0,76.0,51,25,77,68,30,61,51,36,67,59,69,70,60,70,54,71,74,70,82,46,70,82,30,50,39,73,80,82,81,0.0,0.0,1.0,0.0,0.0,0.0,0.0,0.0,0.0,1.0,0.0,0.0,0.0,0.0
35,194806,27,188,85,1,2,2,65.0,43.0,59.0,60.0,76.0,76.0,66,49,81,65,20,55,45,24,60,67,62,67,62,69,50,57,83,78,77,14,71,74,56,51,66,68,75,78,74,0.0,0.0,0.0,0.0,0.0,0.0,1.0,0.0,0.0,0.0,0.0,1.0,0.0,0.0
36,209997,24,187,85,0,3,2,59.0,27.0,61.0,64.0,79.0,75.0,52,21,76,74,27,63,24,28,70,67,55,62,59,78,61,40,71,63,80,25,76,78,30,59,35,72,78,81,78,0.0,0.0,0.0,0.0,0.0,0.0,1.0,0.0,0.0,0.0,0.0,1.0,0.0,0.0
37,205243,26,191,87,1,3,2,58.0,33.0,41.0,44.0,74.0,81.0,36,31,73,46,25,36,30,29,51,51,51,64,47,69,46,44,67,66,91,29,77,71,29,36,34,68,75,75,73,0.0,0.0,0.0,0.0,1.0,0.0,0.0,0.0,0.0,0.0,0.0,1.0,0.0,0.0
38,183491,27,191,85,1,3,2,69.0,39.0,61.0,56.0,73.0,82.0,47,34,76,74,40,48,30,26,68,66,66,71,62,66,55,61,73,78,84,30,84,71,46,65,27,71,70,76,71,0.0,0.0,0.0,0.0,0.0,1.0,0.0,0.0,0.0,1.0,0.0,0.0,0.0,0.0
39,189067,31,190,85,0,3,2,50.0,34.0,50.0,52.0,76.0,74.0,43,37,75,60,22,47,47,52,64,58,48,51,49,68,54,30,83,62,79,31,76,75,24,31,51,66,75,78,76,0.0,0.0,0.0,0.0,0.0,0.0,1.0,0.0,0.0,0.0,0.0,1.0,0.0,0.0
40,169596,29,191,76,1,3,2,49.0,44.0,52.0,50.0,80.0,84.0,33,53,83,63,35,42,34,24,69,54,46,51,62,73,53,44,68,76,89,28,87,80,31,50,48,69,79,80,79,0.0,0.0,0.0,0.0,0.0,1.0,0.0,0.0,0.0,0.0,0.0,1.0,0.0,0.0
41,183129,27,188,76,0,2,2,62.0,52.0,55.0,57.0,77.0,76.0,39,43,79,64,57,53,52,43,63,60,56,66,59,73,51,71,73,70,76,54,82,75,50,51,55,71,75,77,80,0.0,0.0,0.0,0.0,0.0,0.0,1.0,0.0,0.0,0.0,1.0,0.0,0.0,0.0
42,220570,21,189,77,1,3,2,66.0,22.0,48.0,46.0,66.0,74.0,29,19,59,67,20,40,23,26,41,46,63,69,59,65,62,25,74,69,79,23,67,64,26,52,32,58,67,70,66,0.0,0.0,0.0,0.0,0.0,0.0,1.0,0.0,0.0,1.0,0.0,0.0,0.0,0.0
43,191648,28,189,78,1,4,2,62.0,41.0,51.0,61.0,76.0,75.0,36,34,74,63,56,57,38,33,52,63,61,62,72,73,57,50,85,74,78,41,66,70,42,50,54,65,76,79,76,0.0,0.0,0.0,0.0,0.0,1.0,0.0,0.0,0.0,1.0,0.0,0.0,0.0,0.0
44,186158,26,194,94,1,3,2,55.0,27.0,49.0,50.0,72.0,79.0,39,24,78,65,23,44,33,34,53,64,58,53,41,62,32,36,33,71,87,20,81,70,25,38,46,66,72,73,70,0.0,0.0,0.0,0.0,0.0,1.0,0.0,0.0,0.0,0.0,0.0,1.0,0.0,0.0
45,197061,25,195,90,1,2,2,67.0,46.0,68.0,66.0,84.0,78.0,54,36,85,77,50,65,63,22,74,71,60,73,58,81,49,66,67,73,81,48,81,85,51,72,42,75,83,85,79,0.0,0.0,0.0,0.0,0.0,0.0,1.0,0.0,0.0,1.0,0.0,0.0,0.0,0.0
46,135883,32,183,90,1,4,2,65.0,43.0,69.0,67.0,76.0,76.0,75,25,69,73,26,66,51,61,67,73,62,67,58,73,58,64,57,72,81,62,75,71,55,62,44,71,77,79,77,0.0,0.0,1.0,0.0,0.0,0.0,0.0,0.0,0.0,0.0,1.0,0.0,0.0,0.0
47,208534,23,188,87,1,3,2,53.0,43.0,42.0,53.0,73.0,75.0,23,52,77,62,45,47,22,24,52,63,53,53,50,64,51,53,78,61,85,21,69,73,25,26,32,67,74,72,69,0.0,0.0,0.0,0.0,0.0,1.0,0.0,0.0,0.0,0.0,0.0,1.0,0.0,0.0
48,159577,35,191,89,0,3,2,32.0,41.0,49.0,39.0,74.0,79.0,51,32,77,50,28,28,32,49,57,55,31,32,26,73,38,49,58,65,84,57,87,71,33,45,56,61,73,75,74,0.0,0.0,0.0,0.0,0.0,0.0,1.0,0.0,0.0,0.0,0.0,1.0,0.0,0.0
49,205989,22,183,66,1,3,2,64.0,51.0,66.0,69.0,75.0,76.0,70,47,68,73,49,67,59,49,65,73,61,67,66,66,67,52,71,75,75,56,81,72,54,54,54,68,75,79,77,0.0,0.0,0.0,1.0,0.0,0.0,0.0,0.0,0.0,0.0,1.0,0.0,0.0,0.0
50,139313,31,187,89,0,2,3,62.0,69.0,77.0,71.0,76.0,77.0,83,57,76,76,70,70,86,78,75,75,63,62,66,75,60,83,76,79,75,79,78,76,72,73,68,70,74,77,77,0.0,0.0,0.0,0.0,0.0,0.0,1.0,0.0,0.0,0.0,0.0,1.0,0.0,0.0
51,190531,26,187,84,0,4,2,70.0,42.0,55.0,51.0,78.0,85.0,58,27,80,60,44,46,47,48,58,50,67,73,65,66,61,67,86,75,88,48,89,73,39,47,46,64,78,80,81,0.0,0.0,0.0,0.0,0.0,1.0,0.0,0.0,0.0,0.0,0.0,1.0,0.0,0.0
52,156164,30,183,78,1,3,2,68.0,42.0,59.0,62.0,67.0,71.0,65,38,68,67,27,59,37,39,53,66,67,69,62,60,63,65,74,76,71,33,66,68,51,56,30,64,65,68,67,0.0,0.0,0.0,0.0,0.0,1.0,0.0,0.0,0.0,0.0,1.0,0.0,0.0,0.0
53,177578,30,196,97,1,2,2,37.0,36.0,50.0,40.0,80.0,81.0,44,34,87,60,22,30,32,38,49,57,38,36,30,73,29,47,64,65,89,32,85,74,37,46,35,68,80,83,76,0.0,0.0,0.0,0.0,0.0,0.0,1.0,0.0,0.0,0.0,0.0,1.0,0.0,0.0
54,202697,23,185,75,1,3,2,61.0,41.0,55.0,62.0,72.0,69.0,47,36,68,66,34,60,55,58,53,66,57,64,60,65,58,49,67,66,74,42,63,72,47,44,42,65,71,74,69,0.0,0.0,0.0,0.0,0.0,0.0,1.0,0.0,0.0,1.0,0.0,0.0,0.0,0.0
55,199304,25,184,78,1,4,3,78.0,70.0,71.0,74.0,76.0,79.0,71,61,68,76,72,73,74,76,69,77,75,80,73,79,65,85,75,83,79,72,74,81,75,63,67,69,72,77,78,0.0,0.0,1.0,0.0,0.0,0.0,0.0,0.0,1.0,0.0,0.0,0.0,0.0,0.0
56,210897,22,182,82,1,3,2,74.0,54.0,53.0,66.0,75.0,80.0,47,52,74,64,37,64,29,28,65,69,72,76,68,69,63,79,88,74,84,42,74,72,52,43,31,68,74,79,77,0.0,0.0,1.0,0.0,0.0,0.0,0.0,0.0,0.0,0.0,1.0,0.0,0.0,0.0
57,164468,31,193,86,1,3,2,63.0,58.0,52.0,61.0,84.0,78.0,28,56,86,65,47,58,48,27,61,63,62,63,62,85,51,63,82,69,80,66,84,83,45,56,53,75,84,85,84,0.0,0.0,0.0,0.0,0.0,0.0,1.0,0.0,0.0,0.0,0.0,1.0,0.0,0.0
58,201862,27,187,80,0,2,3,71.0,59.0,69.0,68.0,81.0,83.0,75,50,82,72,49,67,67,57,73,68,70,71,72,77,64,79,85,79,82,63,92,80,57,57,64,74,79,82,80,0.0,0.0,0.0,0.0,0.0,1.0,0.0,0.0,0.0,0.0,0.0,1.0,0.0,0.0
59,200607,27,189,77,1,2,2,65.0,32.0,57.0,51.0,74.0,74.0,49,25,70,67,30,39,45,33,63,65,63,67,59,70,58,52,63,73,78,24,68,75,27,51,55,66,74,74,71,0.0,0.0,0.0,0.0,0.0,0.0,1.0,0.0,0.0,0.0,0.0,1.0,0.0,0.0
60,200104,24,183,77,1,5,4,86.0,83.0,75.0,83.0,25.0,66.0,75,83,65,78,73,85,81,70,64,82,87,86,79,81,77,83,65,80,62,86,60,29,83,78,71,78,17,19,23,1.0,0.0,0.0,0.0,0.0,0.0,0.0,0.0,1.0,0.0,0.0,0.0,0.0,0.0
61,190324,26,188,84,1,3,2,73.0,50.0,49.0,62.0,74.0,79.0,47,49,74,60,52,59,34,27,57,64,71,74,63,71,59,57,79,77,81,44,75,74,58,36,53,64,73,75,78,0.0,0.0,0.0,0.0,0.0,1.0,0.0,0.0,0.0,1.0,0.0,0.0,0.0,0.0
62,202695,24,191,81,1,4,2,63.0,43.0,61.0,64.0,73.0,77.0,56,36,73,68,40,62,51,57,69,67,63,63,62,69,60,63,77,76,80,38,71,71,40,51,52,74,71,75,72,0.0,0.0,0.0,0.0,0.0,0.0,1.0,0.0,0.0,0.0,0.0,1.0,0.0,0.0
63,177604,31,179,72,0,3,2,73.0,53.0,72.0,75.0,80.0,72.0,78,39,67,77,56,73,74,59,61,77,74,72,73,79,74,71,75,83,65,61,74,83,64,66,61,76,80,82,81,1.0,0.0,0.0,0.0,0.0,0.0,0.0,0.0,1.0,0.0,0.0,0.0,0.0,0.0
64,140620,31,187,85,0,3,2,57.0,48.0,63.0,62.0,78.0,76.0,52,38,78,72,34,56,48,34,73,70,54,59,61,75,54,67,76,70,78,56,77,75,38,60,44,70,78,81,77,0.0,0.0,0.0,0.0,0.0,0.0,1.0,0.0,0.0,0.0,0.0,1.0,0.0,0.0
65,182744,33,185,81,0,2,3,80.0,67.0,70.0,74.0,76.0,82.0,79,57,74,73,50,73,69,71,69,75,78,81,74,71,75,85,74,82,79,78,89,68,69,54,57,77,78,79,80,0.0,0.0,0.0,0.0,0.0,0.0,1.0,0.0,0.0,0.0,0.0,1.0,0.0,0.0
66,192622,25,193,76,1,3,2,51.0,42.0,51.0,45.0,72.0,79.0,38,33,74,64,30,39,37,33,58,57,49,52,32,66,42,55,86,67,83,49,84,72,49,44,55,64,72,70,74,0.0,0.0,0.0,0.0,0.0,0.0,1.0,0.0,0.0,0.0,0.0,1.0,0.0,0.0
67,232270,19,190,78,1,4,2,84.0,62.0,66.0,66.0,73.0,77.0,66,57,73,73,55,65,60,34,70,64,82,85,73,70,63,79,76,67,79,60,84,74,60,61,48,69,71,74,74,0.0,0.0,0.0,0.0,0.0,0.0,1.0,0.0,0.0,0.0,0.0,1.0,0.0,0.0
68,53612,32,198,90,1,3,2,27.0,41.0,55.0,47.0,85.0,70.0,38,36,84,66,30,39,39,45,58,64,26,28,27,85,28,71,30,55,83,25,68,86,43,58,42,87,85,87,82,0.0,0.0,0.0,0.0,1.0,0.0,0.0,0.0,0.0,0.0,0.0,1.0,0.0,0.0
69,136113,33,186,101,1,3,2,37.0,30.0,41.0,57.0,77.0,82.0,17,19,77,56,23,58,14,18,47,61,33,41,29,76,51,52,76,70,89,35,79,77,39,49,17,66,78,78,74,0.0,0.0,0.0,0.0,0.0,0.0,1.0,0.0,0.0,0.0,0.0,0.0,0.0,1.0
70,242000,20,194,88,1,2,2,56.0,33.0,42.0,43.0,69.0,72.0,37,30,66,47,30,41,32,37,48,42,52,60,55,57,39,45,67,64,79,26,65,62,30,37,42,53,70,74,72,0.0,0.0,0.0,0.0,0.0,0.0,1.0,0.0,0.0,0.0,0.0,1.0,0.0,0.0
71,157665,30,188,78,1,3,2,45.0,40.0,52.0,49.0,79.0,77.0,30,40,85,63,29,38,30,29,65,63,44,45,49,77,54,52,69,73,82,32,73,80,36,55,30,71,77,78,78,0.0,0.0,0.0,0.0,1.0,0.0,0.0,0.0,0.0,0.0,0.0,1.0,0.0,0.0
72,189271,26,178,74,1,3,3,66.0,52.0,67.0,75.0,78.0,80.0,60,41,60,75,43,72,55,41,71,78,65,67,74,74,81,71,80,79,76,57,91,85,62,67,52,74,77,80,80,0.0,0.0,0.0,0.0,0.0,1.0,0.0,0.0,0.0,0.0,1.0,0.0,0.0,0.0
73,19292,33,188,83,1,3,2,31.0,47.0,53.0,43.0,77.0,80.0,38,38,80,59,36,38,29,64,65,53,30,32,28,70,34,70,59,67,87,51,85,76,34,54,51,63,74,78,78,0.0,0.0,0.0,0.0,0.0,1.0,0.0,0.0,0.0,0.0,0.0,1.0,0.0,0.0
74,203263,24,194,100,1,3,2,46.0,37.0,56.0,61.0,77.0,82.0,41,30,77,69,27,64,29,46,65,64,40,51,38,67,55,54,71,72,90,34,75,74,52,50,40,71,77,78,75,1.0,0.0,0.0,0.0,0.0,0.0,0.0,0.0,0.0,0.0,0.0,0.0,0.0,1.0
75,216774,23,188,77,0,3,2,66.0,47.0,59.0,59.0,78.0,74.0,40,30,78,68,55,58,31,36,74,68,66,66,41,74,38,75,75,66,76,64,78,78,29,62,37,70,78,78,76,0.0,0.0,0.0,0.0,0.0,1.0,0.0,0.0,0.0,0.0,0.0,1.0,0.0,0.0
76,172871,30,189,88,0,3,2,67.0,65.0,73.0,70.0,85.0,81.0,68,56,81,79,52,69,58,73,74,74,68,66,62,82,55,86,83,79,81,68,83,86,60,68,68,81,84,86,86,1.0,0.0,0.0,0.0,0.0,0.0,0.0,0.0,0.0,0.0,0.0,1.0,0.0,0.0
77,234378,18,185,76,1,3,2,63.0,30.0,45.0,51.0,61.0,66.0,31,24,59,55,23,49,35,20,48,54,61,65,47,51,56,46,68,64,70,28,60,61,32,49,30,60,57,65,61,0.0,0.0,0.0,0.0,0.0,0.0,1.0,0.0,0.0,1.0,0.0,0.0,0.0,0.0
78,183285,27,187,83,0,2,2,61.0,33.0,62.0,56.0,80.0,85.0,60,23,74,73,20,50,50,30,68,61,53,67,61,72,53,51,82,74,90,38,86,81,32,49,40,71,78,83,79,0.0,0.0,0.0,0.0,0.0,1.0,0.0,0.0,0.0,0.0,0.0,1.0,0.0,0.0
79,184432,27,178,78,1,3,3,79.0,55.0,75.0,74.0,86.0,78.0,78,46,76,80,51,69,66,58,74,79,78,79,75,86,73,68,76,88,73,60,80,85,62,68,66,78,87,88,87,0.0,0.0,0.0,0.0,0.0,0.0,1.0,0.0,0.0,0.0,1.0,0.0,0.0,0.0
80,194957,25,185,71,1,3,2,58.0,56.0,64.0,61.0,79.0,80.0,64,50,75,73,60,60,38,35,67,68,51,64,42,76,61,68,83,75,80,59,85,81,42,59,55,72,77,80,81,0.0,0.0,0.0,0.0,0.0,1.0,0.0,0.0,0.0,0.0,0.0,1.0,0.0,0.0
81,179944,30,189,84,1,3,3,70.0,64.0,74.0,71.0,84.0,81.0,68,55,83,79,64,66,70,76,78,79,68,71,72,79,56,77,80,76,81,71,86,87,54,69,75,78,80,85,84,0.0,0.0,0.0,0.0,0.0,0.0,1.0,0.0,0.0,0.0,0.0,1.0,0.0,0.0
82,173546,28,192,74,1,2,2,51.0,33.0,53.0,54.0,77.0,75.0,45,29,78,63,28,50,33,31,60,58,50,52,51,73,53,40,74,73,76,29,73,74,45,50,43,69,76,79,80,0.0,0.0,0.0,0.0,0.0,0.0,1.0,0.0,0.0,1.0,0.0,0.0,0.0,0.0
83,203485,23,188,70,0,4,2,81.0,43.0,64.0,67.0,78.0,76.0,67,27,74,72,40,65,63,44,65,69,81,81,75,70,63,67,86,77,77,52,72,77,49,49,42,73,75,82,84,0.0,0.0,0.0,0.0,0.0,1.0,0.0,0.0,0.0,1.0,0.0,0.0,0.0,0.0
84,189060,26,184,76,1,4,2,72.0,51.0,61.0,65.0,78.0,76.0,49,41,76,68,37,62,32,61,62,68,69,74,66,74,64,69,80,73,80,53,69,81,63,65,65,70,76,80,75,0.0,0.0,0.0,0.0,0.0,0.0,1.0,0.0,0.0,0.0,1.0,0.0,0.0,0.0
85,213661,21,188,78,1,3,2,64.0,31.0,62.0,67.0,84.0,69.0,49,36,79,76,25,65,32,22,70,72,61,66,54,80,62,31,74,66,69,20,73,81,32,60,36,72,83,88,84,0.0,0.0,0.0,0.0,1.0,0.0,0.0,0.0,0.0,1.0,0.0,0.0,0.0,0.0
86,53914,34,180,87,1,3,2,50.0,46.0,58.0,55.0,82.0,78.0,55,30,79,71,44,49,55,31,66,62,47,52,51,74,62,69,83,71,80,54,79,81,51,39,68,76,81,84,81,0.0,0.0,0.0,0.0,0.0,1.0,0.0,0.0,0.0,0.0,1.0,0.0,0.0,0.0
87,210648,26,195,83,1,2,2,45.0,20.0,41.0,47.0,74.0,76.0,18,17,76,55,23,37,36,29,42,62,39,49,45,63,51,27,70,66,81,15,76,74,20,41,30,60,75,74,69,0.0,0.0,0.0,0.0,0.0,0.0,1.0,0.0,0.0,0.0,0.0,1.0,0.0,0.0
88,171791,33,187,81,1,3,2,43.0,35.0,52.0,60.0,79.0,77.0,36,40,76,62,34,58,33,32,56,62,44,43,60,78,54,29,73,66,80,29,84,81,40,55,43,69,78,79,77,0.0,0.0,0.0,0.0,0.0,1.0,0.0,0.0,0.0,0.0,0.0,1.0,0.0,0.0
89,199550,25,185,76,0,3,2,57.0,42.0,59.0,57.0,79.0,81.0,71,38,75,69,32,53,30,38,69,64,54,59,53,66,62,56,69,70,86,40,86,78,42,35,38,69,78,83,77,0.0,0.0,0.0,0.0,0.0,1.0,0.0,0.0,0.0,0.0,0.0,1.0,0.0,0.0
90,137782,32,182,78,1,4,3,71.0,63.0,72.0,76.0,73.0,72.0,75,54,68,75,56,78,69,54,70,77,74,69,72,74,67,79,77,71,72,70,71,68,69,69,60,72,75,76,77,0.0,1.0,0.0,0.0,0.0,0.0,0.0,0.0,0.0,0.0,1.0,0.0,0.0,0.0
91,225508,23,187,77,1,3,2,78.0,42.0,59.0,65.0,84.0,84.0,51,33,81,72,42,63,46,43,56,68,75,80,63,78,63,55,84,78,85,48,87,85,47,54,46,74,82,85,85,0.0,0.0,0.0,0.0,0.0,1.0,0.0,0.0,0.0,0.0,0.0,1.0,0.0,0.0
92,184087,28,187,91,1,3,2,66.0,58.0,72.0,65.0,87.0,80.0,64,45,82,77,38,62,63,69,81,70,62,69,60,86,50,86,81,76,82,66,81,84,56,67,60,81,89,90,85,0.0,0.0,0.0,0.0,0.0,0.0,1.0,0.0,0.0,0.0,0.0,1.0,0.0,0.0
93,203574,23,188,75,1,3,2,71.0,35.0,67.0,71.0,80.0,77.0,62,29,77,80,27,69,46,29,71,77,71,71,64,75,57,46,72,79,79,38,73,76,48,59,37,79,80,83,81,0.0,0.0,1.0,0.0,0.0,0.0,0.0,0.0,0.0,1.0,0.0,0.0,0.0,0.0
94,197948,26,190,81,1,3,2,49.0,57.0,59.0,60.0,78.0,85.0,51,50,75,74,42,55,47,41,67,66,42,54,60,72,58,72,77,74,90,66,87,81,46,40,43,70,76,82,73,0.0,0.0,0.0,0.0,0.0,1.0,0.0,0.0,0.0,0.0,0.0,0.0,0.0,1.0
95,186672,31,191,84,1,3,2,63.0,56.0,67.0,68.0,78.0,77.0,60,51,73,73,56,69,60,60,66,70,62,63,60,71,53,65,77,79,76,56,77,78,62,70,63,80,76,81,77,0.0,0.0,0.0,0.0,0.0,0.0,1.0,0.0,0.0,0.0,0.0,1.0,0.0,0.0
96,220793,21,187,79,1,3,2,71.0,47.0,50.0,59.0,81.0,83.0,36,40,81,65,28,54,22,27,61,64,65,76,62,74,55,74,74,79,86,44,85,76,34,44,44,72,81,82,85,0.0,0.0,0.0,0.0,0.0,1.0,0.0,0.0,0.0,0.0,0.0,0.0,0.0,1.0
97,207725,24,190,83,1,3,2,38.0,45.0,47.0,47.0,75.0,74.0,36,42,80,57,26,45,33,31,62,54,34,42,32,62,37,73,83,57,85,31,64,70,40,37,40,62,75,78,70,0.0,0.0,0.0,0.0,0.0,0.0,1.0,0.0,0.0,0.0,0.0,1.0,0.0,0.0
98,109852,37,191,89,1,3,2,33.0,43.0,50.0,42.0,79.0,76.0,49,50,85,53,23,27,39,33,50,66,36,31,33,77,33,44,74,67,79,30,81,77,45,52,49,67,78,81,72,0.0,0.0,0.0,1.0,0.0,0.0,0.0,0.0,0.0,1.0,0.0,0.0,0.0,0.0
99,172953,30,180,78,1,3,2,68.0,34.0,57.0,63.0,75.0,72.0,57,27,76,63,21,59,33,22,61,65,68,68,64,73,76,47,80,70,77,34,58,68,53,58,44,64,76,77,79,0.0,0.0,0.0,0.0,0.0,0.0,1.0,0.0,0.0,0.0,1.0,0.0,0.0,0.0
100,181291,26,175,69,1,3,3,81.0,75.0,76.0,84.0,66.0,74.0,67,74,72,83,73,85,76,70,74,84,79,82,82,82,80,78,82,87,71,71,64,70,82,78,74,79,60,69,64,1.0,0.0,0.0,0.0,0.0,0.0,0.0,0.0,1.0,0.0,0.0,0.0,0.0,0.0
101,192227,25,184,82,1,3,2,67.0,57.0,63.0,62.0,83.0,79.0,50,58,81,77,51,53,55,47,69,70,64,69,66,82,69,66,84,74,81,52,79,85,50,55,54,74,82,83,85,0.0,0.0,0.0,0.0,0.0,1.0,0.0,0.0,0.0,0.0,1.0,0.0,0.0,0.0
102,195086,27,188,84,1,4,2,56.0,40.0,59.0,63.0,81.0,82.0,59,33,77,68,42,63,26,18,66,67,57,55,53,75,43,63,82,70,86,34,87,82,21,56,52,71,78,84,85,0.0,0.0,0.0,0.0,0.0,1.0,0.0,0.0,0.0,0.0,0.0,1.0,0.0,0.0
103,204311,22,190,96,1,3,2,67.0,50.0,58.0,55.0,79.0,83.0,54,47,77,62,47,48,59,60,56,66,63,71,45,74,52,56,87,72,88,49,83,76,53,57,61,71,78,83,78,0.0,0.0,0.0,0.0,0.0,0.0,1.0,0.0,0.0,0.0,0.0,1.0,0.0,0.0
104,228295,21,189,75,1,3,2,62.0,34.0,53.0,65.0,73.0,74.0,52,30,64,62,27,63,33,30,44,69,61,63,60,68,69,48,73,75,75,27,72,73,40,55,38,72,74,74,73,0.0,0.0,0.0,0.0,0.0,0.0,1.0,0.0,0.0,1.0,0.0,0.0,0.0,0.0
