,sofifa_id,age,height_cm,weight_kg,preferred_foot,weak_foot,skill_moves,pace,shooting,passing,dribbling,defending,physic,attacking_crossing,attacking_finishing,attacking_heading_accuracy,attacking_short_passing,attacking_volleys,skill_dribbling,skill_curve,skill_fk_accuracy,skill_long_passing,skill_ball_control,movement_acceleration,movement_sprint_speed,movement_agility,movement_reactions,movement_balance,power_shot_power,power_jumping,power_stamina,power_strength,power_long_shots,mentality_aggression,mentality_interceptions,mentality_positioning,mentality_vision,mentality_penalties,mentality_composure,defending_marking_awareness,defending_standing_tackle,defending_sliding_tackle,work_rate_High/High,work_rate_High/Low,work_rate_High/Medium,work_rate_Low/Low,work_rate_Medium/High,work_rate_Medium/Low,work_rate_Medium/Medium,body_type_Lean (170-),body_type_Lean (170-185),body_type_Lean (185+),body_type_Normal (170-),body_type_Normal (170-185),body_type_Normal (185+),body_type_Stocky (170-),body_type_Stocky (170-185),body_type_Stocky (185+),body_type_Unique,cf
0,158023,34,170,72,0,4,4,85.0,92.0,91.0,95.0,34.0,65.0,85,95,70,91,88,96,93,94,91,96,91,80,91,94,95,86,68,72,69,94,44,40,93,95,75,96,20,35,24,0.0,0.0,0.0,0.0,0.0,1.0,0.0,0.0,0.0,0.0,0.0,0.0,0.0,0.0,0.0,0.0,1.0,93
1,165153,33,185,81,1,4,4,76.0,86.0,81.0,87.0,39.0,77.0,75,90,89,86,86,87,81,73,73,90,77,75,79,91,72,85,79,78,82,79,63,39,90,87,84,90,43,24,18,0.0,0.0,0.0,0.0,0.0,0.0,1.0,0.0,0.0,0.0,0.0,1.0,0.0,0.0,0.0,0.0,0.0,87
2,200104,28,183,78,1,5,4,88.0,87.0,82.0,86.0,43.0,69.0,83,88,68,84,78,87,85,74,74,84,85,90,86,91,78,88,60,88,64,89,62,39,91,83,73,89,50,34,33,1.0,0.0,0.0,0.0,0.0,0.0,0.0,0.0,0.0,0.0,0.0,0.0,0.0,0.0,0.0,0.0,1.0,87
3,211110,27,177,75,0,3,4,84.0,86.0,86.0,90.0,40.0,60.0,82,85,59,87,88,90,90,88,79,93,88,80,92,80,94,84,75,70,61,89,43,42,82,91,84,79,32,41,39,0.0,0.0,0.0,0.0,0.0,0.0,1.0,0.0,0.0,0.0,0.0,0.0,0.0,0.0,0.0,0.0,1.0,86
4,233049,21,180,76,1,3,5,81.0,76.0,82.0,91.0,36.0,65.0,82,83,38,87,83,92,84,65,70,90,85,78,91,85,90,73,51,77,68,65,44,39,83,87,62,86,32,39,32,0.0,0.0,1.0,0.0,0.0,0.0,0.0,0.0,0.0,0.0,0.0,0.0,0.0,0.0,0.0,0.0,1.0,84
5,198219,30,163,59,1,4,4,87.0,78.0,85.0,90.0,36.0,45.0,77,76,59,87,74,90,87,86,84,93,90,84,89,79,93,76,50,74,34,82,34,26,81,89,87,81,53,24,22,0.0,0.0,1.0,0.0,0.0,0.0,0.0,0.0,0.0,0.0,0.0,0.0,0.0,0.0,0.0,0.0,1.0,84
6,143076,33,167,68,1,4,4,87.0,78.0,84.0,87.0,39.0,55.0,83,77,38,85,72,85,85,79,80,86,91,83,93,86,93,79,70,75,44,82,56,40,80,86,72,85,50,30,34,0.0,0.0,1.0,0.0,0.0,0.0,0.0,0.0,0.0,0.0,1.0,0.0,0.0,0.0,0.0,0.0,0.0,83
7,188350,32,180,71,1,4,4,73.0,84.0,84.0,85.0,47.0,63.0,85,84,44,85,85,85,88,85,79,86,76,71,83,86,82,86,68,67,66,83,51,49,85,86,76,85,52,38,54,0.0,0.0,1.0,0.0,0.0,0.0,0.0,0.0,0.0,0.0,0.0,0.0,0.0,0.0,0.0,0.0,1.0,83
8,201942,29,181,76,1,4,5,77.0,78.0,79.0,89.0,59.0,78.0,73,78,78,84,83,89,81,65,76,90,77,77,85,86,86,79,81,87,74,76,75,58,82,83,72,88,55,64,42,1.0,0.0,0.0,0.0,0.0,0.0,0.0,0.0,0.0,0.0,0.0,0.0,0.0,0.0,0.0,0.0,1.0,83
9,202556,27,176,78,1,3,5,82.0,83.0,82.0,84.0,30.0,79.0,84,83,65,81,74,86,85,83,76,85,81,83,80,83,81,87,69,79,83,83,72,28,85,85,76,80,23,31,20,0.0,1.0,0.0,0.0,0.0,0.0,0.0,0.0,0.0,0.0,0.0,0.0,0.0,0.0,0.0,0.0,1.0,84
10,175943,34,169,61,1,4,4,85.0,82.0,80.0,88.0,34.0,50.0,73,84,40,84,70,88,82,82,72,88,90,80,93,80,92,80,58,66,37,81,59,36,82,84,79,81,23,40,40,0.0,1.0,0.0,0.0,0.0,0.0,0.0,0.0,0.0,0.0,0.0,0.0,0.0,0.0,0.0,0.0,1.0,83
11,198706,28,183,74,1,3,4,60.0,76.0,86.0,84.0,57.0,59.0,69,77,49,92,76,85,86,79,90,91,61,59,69,74,83,78,53,75,64,76,29,59,76,92,56,78,58,58,52,0.0,0.0,0.0,0.0,0.0,0.0,1.0,0.0,1.0,0.0,0.0,0.0,0.0,0.0,0.0,0.0,0.0,80
12,199434,32,181,76,0,3,4,69.0,81.0,85.0,85.0,43.0,76.0,86,83,66,87,80,85,85,79,80,87,67,70,76,83,84,79,59,88,80,77,56,41,85,88,86,86,51,34,26,0.0,0.0,0.0,0.0,0.0,0.0,1.0,0.0,0.0,0.0,0.0,0.0,0.0,0.0,0.0,0.0,1.0,83
13,200647,33,190,79,0,4,5,75.0,86.0,84.0,86.0,40.0,67.0,82,85,58,86,83,88,85,83,77,88,76,74,83,80,73,88,34,65,74,89,58,46,85,87,78,80,41,32,26,0.0,0.0,0.0,0.0,0.0,0.0,1.0,0.0,0.0,1.0,0.0,0.0,0.0,0.0,0.0,0.0,0.0,84
14,235790,22,188,82,0,4,4,82.0,78.0,79.0,84.0,45.0,66.0,72,81,78,84,80,86,84,53,78,85,77,86,78,83,75,74,75,77,69,77,42,38,82,81,73,84,39,46,38,0.0,0.0,0.0,0.0,0.0,0.0,1.0,0.0,0.0,0.0,0.0,0.0,0.0,0.0,0.0,0.0,1.0,82
15,192883,32,177,75,1,5,4,85.0,80.0,79.0,83.0,56.0,74.0,77,80,68,83,79,84,81,66,71,83,86,85,84,82,83,84,66,88,69,77,69,60,84,84,72,82,51,53,55,0.0,0.0,0.0,0.0,0.0,0.0,1.0,0.0,0.0,0.0,0.0,1.0,0.0,0.0,0.0,0.0,0.0,83
16,200610,28,179,85,0,4,3,73.0,85.0,79.0,80.0,42.0,86.0,78,86,76,81,85,80,79,80,74,80,76,70,75,85,83,87,77,90,87,84,80,45,86,82,72,86,22,50,33,1.0,0.0,0.0,0.0,0.0,0.0,0.0,0.0,0.0,0.0,0.0,0.0,0.0,0.0,1.0,0.0,0.0,82
17,242444,21,181,72,1,4,5,82.0,79.0,76.0,86.0,40.0,68.0,73,79,69,80,81,86,82,64,67,87,81,83,86,83,79,80,73,75,64,80,68,38,84,82,68,84,30,42,35,0.0,0.0,0.0,0.0,0.0,0.0,1.0,0.0,0.0,0.0,0.0,0.0,0.0,0.0,0.0,0.0,1.0,83
18,198717,28,180,66,1,3,5,89.0,77.0,73.0,87.0,34.0,75.0,76,78,47,76,67,91,64,51,65,86,88,90,87,76,79,82,58,75,77,72,72,32,76,76,72,80,30,34,32,0.0,0.0,1.0,0.0,0.0,0.0,0.0,0.0,0.0,0.0,0.0,0.0,0.0,0.0,0.0,0.0,1.0,81
19,203486,28,175,71,1,4,4,80.0,76.0,80.0,85.0,52.0,66.0,81,74,39,82,77,86,82,81,72,84,84,76,91,81,88,77,60,78,65,76,57,63,80,82,79,78,56,46,48,1.0,0.0,0.0,0.0,0.0,0.0,0.0,0.0,1.0,0.0,0.0,0.0,0.0,0.0,0.0,0.0,0.0,80
20,212523,27,190,80,0,4,4,80.0,83.0,81.0,83.0,52.0,75.0,75,81,77,84,76,83,86,87,82,84,84,76,87,78,75,84,65,82,75,87,67,52,86,79,75,77,45,55,42,0.0,1.0,0.0,0.0,0.0,0.0,0.0,0.0,0.0,0.0,0.0,0.0,0.0,0.0,0.0,0.0,1.0,82
21,212616,27,180,70,1,3,4,78.0,76.0,80.0,82.0,71.0,79.0,69,76,50,85,70,81,84,73,81,85,81,76,78,81,79,80,67,86,81,78,69,74,78,80,65,80,68,79,69,0.0,0.0,1.0,0.0,0.0,0.0,0.0,0.0,0.0,0.0,0.0,1.0,0.0,0.0,0.0,0.0,0.0,80
22,244260,23,179,72,1,4,4,67.0,76.0,81.0,86.0,50.0,60.0,78,74,43,84,76,86,72,75,79,86,77,58,86,83,86,79,55,80,54,77,51,57,82,83,66,82,50,50,44,0.0,0.0,0.0,0.0,1.0,0.0,0.0,0.0,1.0,0.0,0.0,0.0,0.0,0.0,0.0,0.0,0.0,80
23,153244,35,189,85,1,3,3,68.0,83.0,73.0,75.0,41.0,84.0,72,85,79,75,77,76,77,70,69,78,71,66,66,78,61,84,74,72,92,79,83,47,81,75,77,81,30,41,23,0.0,0.0,0.0,0.0,0.0,0.0,1.0,0.0,0.0,0.0,0.0,0.0,0.0,0.0,0.0,1.0,0.0,78
24,183574,33,180,76,0,4,4,64.0,81.0,81.0,82.0,40.0,66.0,79,80,63,83,80,82,82,69,80,84,65,64,73,84,77,81,65,59,73,79,58,34,85,85,90,87,43,36,29,0.0,1.0,0.0,0.0,0.0,0.0,0.0,0.0,0.0,0.0,0.0,1.0,0.0,0.0,0.0,0.0,0.0,81
25,200949,28,174,70,1,4,4,90.0,79.0,70.0,86.0,43.0,68.0,70,79,65,72,70,88,71,71,66,82,93,88,93,79,92,85,95,75,57,75,78,50,78,70,74,81,31,43,44,0.0,0.0,1.0,0.0,0.0,0.0,0.0,0.0,0.0,0.0,0.0,0.0,0.0,0.0,0.0,0.0,1.0,80
26,208448,29,177,76,1,4,4,70.0,73.0,82.0,83.0,35.0,62.0,82,74,44,86,65,83,79,75,76,86,72,68,78,83,82,71,53,69,59,72,61,44,77,84,71,79,38,27,20,0.0,0.0,0.0,0.0,0.0,0.0,1.0,0.0,0.0,0.0,0.0,1.0,0.0,0.0,0.0,0.0,0.0,79
27,212194,25,185,83,1,4,4,73.0,75.0,80.0,84.0,48.0,66.0,79,73,54,82,79,84,77,65,79,85,77,69,84,79,83,81,62,80,71,78,38,47,77,82,54,81,46,47,49,0.0,0.0,1.0,0.0,0.0,0.0,0.0,0.0,0.0,0.0,0.0,0.0,1.0,0.0,0.0,0.0,0.0,79
28,215330,26,189,75,1,4,4,84.0,75.0,77.0,85.0,39.0,69.0,74,77,68,81,75,88,81,63,74,86,81,87,83,80,67,79,63,76,74,71,48,36,79,78,57,73,39,37,26,0.0,0.0,0.0,0.0,0.0,0.0,1.0,0.0,0.0,0.0,0.0,0.0,1.0,0.0,0.0,0.0,0.0,81
29,224411,24,179,68,1,4,4,86.0,79.0,76.0,82.0,36.0,68.0,81,76,58,76,71,83,76,70,69,81,85,87,84,79,75,84,63,74,68,84,64,50,77,76,69,78,24,34,30,0.0,1.0,0.0,0.0,0.0,0.0,0.0,0.0,0.0,0.0,0.0,1.0,0.0,0.0,0.0,0.0,0.0,79
30,230294,29,188,83,1,3,4,78.0,84.0,62.0,72.0,33.0,71.0,56,85,83,73,82,75,59,67,47,74,74,82,60,84,47,85,85,52,82,82,65,32,83,58,77,79,26,27,24,0.0,1.0,0.0,0.0,0.0,0.0,0.0,0.0,0.0,0.0,0.0,0.0,1.0,0.0,0.0,0.0,0.0,78
31,231969,28,181,79,0,4,4,74.0,80.0,83.0,81.0,64.0,79.0,79,73,74,85,70,83,85,86,81,85,73,74,69,77,73,90,74,81,79,87,78,66,77,84,83,75,55,72,50,0.0,0.0,0.0,0.0,0.0,0.0,1.0,0.0,0.0,0.0,0.0,0.0,0.0,0.0,1.0,0.0,0.0,81
32,232411,23,179,72,1,3,4,79.0,74.0,81.0,85.0,69.0,65.0,81,74,59,83,59,86,81,76,80,86,81,78,85,78,83,79,59,74,63,76,59,69,78,81,65,79,69,72,70,0.0,0.0,0.0,0.0,0.0,0.0,1.0,0.0,1.0,0.0,0.0,0.0,0.0,0.0,0.0,0.0,0.0,80
33,247394,21,186,75,0,4,4,84.0,74.0,77.0,84.0,56.0,76.0,80,70,54,79,80,85,83,61,69,87,85,83,77,80,73,74,66,85,77,83,67,55,77,78,65,83,50,64,58,0.0,0.0,1.0,0.0,0.0,0.0,0.0,0.0,0.0,0.0,0.0,0.0,1.0,0.0,0.0,0.0,0.0,80
34,178518,33,176,65,1,3,3,71.0,84.0,78.0,74.0,73.0,80.0,73,80,59,82,87,70,73,68,79,79,70,71,69,80,83,93,74,69,84,90,85,68,81,81,63,83,69,83,79,0.0,0.0,1.0,0.0,0.0,0.0,0.0,0.0,0.0,0.0,0.0,0.0,0.0,0.0,0.0,0.0,1.0,79
35,184941,32,168,62,1,4,4,78.0,76.0,78.0,83.0,43.0,68.0,76,74,59,79,82,84,78,74,77,83,80,76,84,79,87,80,85,68,68,76,64,46,81,80,69,75,38,44,35,0.0,0.0,0.0,0.0,0.0,0.0,1.0,0.0,0.0,0.0,0.0,0.0,0.0,0.0,0.0,0.0,1.0,80
36,193061,30,182,77,1,4,4,76.0,74.0,79.0,81.0,68.0,73.0,73,75,60,82,73,83,78,74,80,82,79,74,76,80,76,72,68,87,68,74,70,70,78,79,72,78,62,74,73,1.0,0.0,0.0,0.0,0.0,0.0,0.0,0.0,1.0,0.0,0.0,0.0,0.0,0.0,0.0,0.0,0.0,79
37,199254,29,184,73,1,4,4,72.0,78.0,77.0,81.0,41.0,74.0,69,82,73,81,72,81,80,76,74,83,74,71,72,85,74,77,82,75,74,73,69,42,81,80,69,81,30,44,28,0.0,0.0,1.0,0.0,0.0,0.0,0.0,0.0,1.0,0.0,0.0,0.0,0.0,0.0,0.0,0.0,0.0,80
38,156616,38,170,72,1,5,5,69.0,73.0,81.0,85.0,30.0,53.0,74,71,41,85,79,87,83,81,82,89,69,69,74,69,87,79,33,54,55,68,51,33,79,81,78,81,31,25,26,0.0,1.0,0.0,0.0,0.0,0.0,0.0,0.0,0.0,0.0,1.0,0.0,0.0,0.0,0.0,0.0,0.0,78
39,192906,36,168,71,1,4,4,68.0,82.0,76.0,83.0,43.0,70.0,75,82,68,75,82,84,87,79,69,83,71,65,78,85,84,84,70,71,69,81,73,40,81,81,81,86,32,48,42,0.0,1.0,0.0,0.0,0.0,0.0,0.0,0.0,0.0,0.0,0.0,0.0,0.0,1.0,0.0,0.0,0.0,79
40,202477,27,177,73,1,4,4,88.0,73.0,73.0,83.0,30.0,64.0,74,72,40,74,71,84,80,77,62,81,89,87,90,75,83,75,35,69,67,70,59,25,77,74,77,75,34,30,22,0.0,1.0,0.0,0.0,0.0,0.0,0.0,0.0,0.0,0.0,0.0,1.0,0.0,0.0,0.0,0.0,0.0,77
41,212096,28,180,76,1,2,4,70.0,74.0,79.0,81.0,41.0,62.0,88,69,47,77,73,82,85,80,75,82,73,67,78,78,79,81,52,71,63,74,52,45,78,77,79,70,50,31,30,0.0,0.0,0.0,0.0,0.0,0.0,1.0,0.0,0.0,0.0,0.0,1.0,0.0,0.0,0.0,0.0,0.0,77
42,213516,26,173,63,1,3,3,78.0,78.0,75.0,80.0,42.0,69.0,75,79,51,77,82,81,78,70,69,79,81,75,83,82,85,78,62,82,64,75,67,55,82,77,71,73,32,44,35,0.0,0.0,0.0,0.0,0.0,0.0,1.0,0.0,1.0,0.0,0.0,0.0,0.0,0.0,0.0,0.0,0.0,79
43,225663,25,180,69,1,4,4,81.0,72.0,79.0,83.0,67.0,69.0,80,69,38,79,70,84,80,79,74,82,77,84,88,82,81,78,67,88,57,75,76,73,75,80,52,80,67,72,66,1.0,0.0,0.0,0.0,0.0,0.0,0.0,0.0,1.0,0.0,0.0,0.0,0.0,0.0,0.0,0.0,0.0,78
44,232730,24,184,76,1,4,3,75.0,68.0,79.0,83.0,41.0,59.0,75,69,53,80,66,85,75,68,79,83,83,69,82,72,80,65,68,73,57,67,44,35,79,83,71,80,38,46,34,0.0,0.0,0.0,0.0,0.0,0.0,1.0,0.0,1.0,0.0,0.0,0.0,0.0,0.0,0.0,0.0,0.0,77
45,241788,28,187,83,1,4,4,76.0,79.0,70.0,80.0,38.0,71.0,68,81,70,74,74,81,74,43,64,83,77,76,73,81,65,81,74,80,76,74,46,23,83,73,76,81,38,41,25,0.0,0.0,1.0,0.0,0.0,0.0,0.0,0.0,0.0,0.0,0.0,0.0,1.0,0.0,0.0,0.0,0.0,79
46,173909,34,185,86,1,4,4,69.0,78.0,77.0,80.0,66.0,74.0,72,76,74,80,82,80,80,71,74,84,66,72,72,72,70,84,78,54,80,78,82,64,76,78,68,82,58,73,66,0.0,0.0,0.0,0.0,0.0,0.0,1.0,0.0,0.0,0.0,0.0,0.0,1.0,0.0,0.0,0.0,0.0,78
47,175254,32,183,82,0,3,3,74.0,78.0,70.0,75.0,44.0,80.0,59,79,77,79,78,77,66,68,66,79,73,74,59,79,67,84,75,59,91,70,80,43,82,68,73,77,32,44,47,0.0,0.0,1.0,0.0,0.0,0.0,0.0,0.0,0.0,0.0,0.0,0.0,0.0,0.0,1.0,0.0,0.0,78
48,189505,33,169,65,1,5,4,74.0,73.0,77.0,84.0,40.0,52.0,74,73,39,80,70,81,81,57,71,88,84,66,90,75,90,75,66,68,40,75,58,49,75,81,66,81,44,32,31,0.0,0.0,0.0,0.0,0.0,0.0,1.0,1.0,0.0,0.0,0.0,0.0,0.0,0.0,0.0,0.0,0.0,78
49,205966,27,168,70,1,2,4,74.0,68.0,74.0,86.0,38.0,59.0,63,69,28,80,64,87,79,59,72,85,78,70,90,74,94,73,38,72,50,62,70,42,78,76,58,74,39,43,25,0.0,0.0,1.0,0.0,0.0,0.0,0.0,0.0,0.0,0.0,0.0,0.0,0.0,1.0,0.0,0.0,0.0,77
50,225719,24,185,82,0,3,4,74.0,80.0,70.0,77.0,38.0,71.0,59,82,67,77,77,79,74,64,69,78,75,74,73,77,72,81,57,71,73,78,71,30,80,71,70,68,39,36,32,0.0,0.0,0.0,0.0,0.0,0.0,1.0,0.0,0.0,0.0,0.0,0.0,1.0,0.0,0.0,0.0,0.0,78
51,231887,24,185,74,0,4,4,67.0,76.0,79.0,80.0,47.0,72.0,77,74,68,81,72,82,82,76,75,82,63,70,73,76,69,81,55,76,72,80,71,40,77,79,69,78,38,54,45,0.0,0.0,0.0,0.0,0.0,0.0,1.0,0.0,0.0,0.0,0.0,0.0,1.0,0.0,0.0,0.0,0.0,78
52,236791,26,190,86,0,3,4,66.0,76.0,77.0,78.0,62.0,72.0,73,74,68,82,64,81,70,66,76,82,68,64,68,75,59,81,55,84,73,78,58,62,78,79,66,78,59,64,60,0.0,0.0,0.0,0.0,0.0,0.0,1.0,0.0,0.0,0.0,0.0,0.0,1.0,0.0,0.0,0.0,0.0,78
53,239613,24,183,75,0,2,3,70.0,70.0,74.0,78.0,67.0,72.0,70,76,63,80,59,78,52,45,74,81,70,70,79,78,65,66,59,83,68,66,70,68,81,80,56,76,67,68,67,0.0,0.0,0.0,0.0,0.0,0.0,1.0,0.0,1.0,0.0,0.0,0.0,0.0,0.0,0.0,0.0,0.0,77
54,190577,33,168,68,1,5,3,75.0,75.0,74.0,77.0,33.0,72.0,75,70,66,76,76,78,70,61,73,76,76,74,86,76,79,84,66,88,61,82,81,33,73,74,62,62,30,25,33,0.0,0.0,1.0,0.0,0.0,0.0,0.0,0.0,0.0,0.0,1.0,0.0,0.0,0.0,0.0,0.0,0.0,75
55,209440,30,174,69,1,4,4,86.0,75.0,71.0,80.0,30.0,64.0,66,78,66,74,68,80,70,71,73,78,86,86,88,77,85,73,71,83,64,69,38,28,80,68,74,76,30,22,23,0.0,0.0,1.0,0.0,0.0,0.0,0.0,0.0,1.0,0.0,0.0,0.0,0.0,0.0,0.0,0.0,0.0,77
56,216497,27,183,79,1,4,3,78.0,79.0,71.0,79.0,42.0,61.0,68,78,50,76,78,80,68,65,62,80,80,76,79,77,76,82,59,68,67,79,36,39,76,74,83,69,39,48,34,0.0,0.0,0.0,0.0,0.0,0.0,1.0,0.0,1.0,0.0,0.0,0.0,0.0,0.0,0.0,0.0,0.0,77
57,217877,25,177,73,0,3,4,80.0,71.0,72.0,82.0,33.0,61.0,70,71,49,74,66,83,72,72,67,82,86,75,83,73,79,69,82,70,57,76,56,35,76,72,62,81,37,26,24,0.0,0.0,0.0,0.0,0.0,0.0,1.0,0.0,1.0,0.0,0.0,0.0,0.0,0.0,0.0,0.0,0.0,76
58,220085,25,181,74,0,3,3,74.0,80.0,70.0,76.0,29.0,62.0,63,79,59,75,72,76,73,63,65,75,77,71,78,74,77,81,66,70,64,82,44,28,82,75,83,72,33,19,18,0.0,0.0,1.0,0.0,0.0,0.0,0.0,0.0,1.0,0.0,0.0,0.0,0.0,0.0,0.0,0.0,0.0,77
59,220502,26,177,63,1,4,4,78.0,71.0,75.0,80.0,60.0,68.0,74,73,66,79,61,82,62,48,76,79,80,76,79,76,73,72,46,72,66,71,72,58,77,77,61,71,55,62,64,0.0,0.0,1.0,0.0,0.0,0.0,0.0,0.0,1.0,0.0,0.0,0.0,0.0,0.0,0.0,0.0,0.0,77
60,224394,27,180,72,1,3,4,77.0,74.0,72.0,82.0,46.0,67.0,73,70,69,73,65,84,77,58,67,80,78,76,85,77,77,80,74,74,62,81,71,44,75,74,70,82,37,48,52,0.0,0.0,1.0,0.0,0.0,0.0,0.0,0.0,1.0,0.0,0.0,0.0,0.0,0.0,0.0,0.0,0.0,77
61,229167,25,177,73,1,4,4,83.0,77.0,71.0,83.0,46.0,65.0,73,74,53,71,76,85,78,69,67,79,93,75,90,77,82,85,47,76,60,76,67,47,72,70,73,79,52,40,36,0.0,0.0,1.0,0.0,0.0,0.0,0.0,0.0,1.0,0.0,0.0,0.0,0.0,0.0,0.0,0.0,0.0,77
62,230269,25,174,71,0,5,4,79.0,73.0,76.0,78.0,27.0,60.0,74,73,45,75,77,75,86,74,75,76,89,71,88,82,79,74,66,75,60,68,42,32,78,79,73,84,17,28,21,0.0,0.0,1.0,0.0,0.0,0.0,0.0,0.0,0.0,0.0,0.0,1.0,0.0,0.0,0.0,0.0,0.0,76
63,232905,28,176,66,1,4,4,89.0,71.0,73.0,77.0,58.0,70.0,76,73,44,73,69,77,63,65,66,75,91,88,82,73,77,68,87,89,61,71,64,67,76,78,57,77,54,61,56,0.0,0.0,1.0,0.0,0.0,0.0,0.0,0.0,1.0,0.0,0.0,0.0,0.0,0.0,0.0,0.0,0.0,75
64,244892,21,175,65,1,3,4,76.0,70.0,73.0,81.0,52.0,53.0,69,69,39,75,62,82,74,69,66,80,80,73,84,76,86,74,53,79,36,69,64,56,76,77,60,77,52,58,42,1.0,0.0,0.0,0.0,0.0,0.0,0.0,0.0,1.0,0.0,0.0,0.0,0.0,0.0,0.0,0.0,0.0,76
65,246172,22,172,70,0,2,4,87.0,73.0,66.0,83.0,36.0,62.0,69,73,44,69,70,87,71,58,56,80,91,84,86,72,80,76,67,72,63,74,47,33,75,68,55,72,40,32,33,0.0,1.0,0.0,0.0,0.0,0.0,0.0,0.0,0.0,0.0,0.0,1.0,0.0,0.0,0.0,0.0,0.0,76
66,186200,30,180,73,1,3,3,73.0,74.0,72.0,77.0,45.0,69.0,74,73,74,77,75,77,72,61,62,79,76,70,78,77,67,76,71,73,65,72,72,30,79,72,78,76,68,30,26,0.0,0.0,1.0,0.0,0.0,0.0,0.0,0.0,1.0,0.0,0.0,0.0,0.0,0.0,0.0,0.0,0.0,76
67,202599,28,170,65,1,4,5,80.0,75.0,73.0,82.0,49.0,63.0,73,76,52,72,69,81,72,77,75,82,83,78,89,70,88,73,73,84,56,78,53,57,70,74,76,73,43,50,48,0.0,0.0,1.0,0.0,0.0,0.0,0.0,1.0,0.0,0.0,0.0,0.0,0.0,0.0,0.0,0.0,0.0,76
68,209039,27,177,75,0,4,3,87.0,71.0,71.0,77.0,30.0,61.0,75,71,48,69,61,79,75,75,70,75,84,90,79,75,74,70,70,72,59,73,49,21,73,71,65,74,38,24,23,0.0,0.0,1.0,0.0,0.0,0.0,0.0,0.0,0.0,0.0,0.0,1.0,0.0,0.0,0.0,0.0,0.0,74
69,224520,24,172,65,1,5,4,91.0,72.0,70.0,79.0,30.0,62.0,72,71,58,72,66,78,68,54,65,76,90,91,91,73,87,77,48,83,49,75,70,28,74,73,52,75,24,30,27,0.0,0.0,1.0,0.0,0.0,0.0,0.0,0.0,0.0,0.0,0.0,1.0,0.0,0.0,0.0,0.0,0.0,76
70,230463,33,178,71,1,2,4,77.0,68.0,77.0,77.0,36.0,62.0,74,66,60,79,67,76,87,61,73,78,80,74,79,78,72,71,69,72,61,72,48,45,67,80,67,71,30,32,22,0.0,1.0,0.0,0.0,0.0,0.0,0.0,0.0,1.0,0.0,0.0,0.0,0.0,0.0,0.0,0.0,0.0,74
71,234171,24,183,76,1,4,4,72.0,70.0,70.0,79.0,37.0,61.0,72,73,49,75,67,81,49,45,62,80,76,69,75,74,74,69,64,62,61,64,59,39,76,75,62,65,32,37,38,0.0,0.0,0.0,0.0,0.0,0.0,1.0,0.0,0.0,0.0,0.0,1.0,0.0,0.0,0.0,0.0,0.0,75
72,234711,23,175,70,1,4,4,76.0,73.0,71.0,82.0,35.0,52.0,74,74,45,74,62,84,77,70,62,80,84,69,87,73,83,75,63,65,49,75,38,30,75,69,59,68,33,39,29,0.0,0.0,0.0,0.0,0.0,1.0,0.0,0.0,1.0,0.0,0.0,0.0,0.0,0.0,0.0,0.0,0.0,76
73,137242,37,183,75,1,4,3,74.0,73.0,77.0,75.0,42.0,63.0,75,70,51,78,74,74,81,75,70,80,73,75,72,70,63,80,66,52,66,75,67,51,69,80,74,79,45,35,30,0.0,0.0,1.0,0.0,0.0,0.0,0.0,0.0,0.0,0.0,0.0,1.0,0.0,0.0,0.0,0.0,0.0,74
74,164878,35,175,70,1,4,4,67.0,75.0,75.0,79.0,51.0,54.0,73,74,53,75,73,80,82,83,71,77,72,62,83,72,80,78,63,76,45,74,48,45,78,78,78,80,45,60,53,1.0,0.0,0.0,0.0,0.0,0.0,0.0,0.0,1.0,0.0,0.0,0.0,0.0,0.0,0.0,0.0,0.0,75
75,176733,34,184,74,1,4,3,71.0,75.0,63.0,72.0,35.0,71.0,56,77,74,72,70,72,66,47,51,73,70,71,70,75,71,75,74,67,76,72,61,28,83,66,70,75,33,33,25,0.0,1.0,0.0,0.0,0.0,0.0,0.0,0.0,1.0,0.0,0.0,0.0,0.0,0.0,0.0,0.0,0.0,74
76,189485,31,173,66,1,3,4,82.0,70.0,68.0,78.0,38.0,49.0,66,70,64,72,69,78,65,65,59,77,83,81,87,73,85,70,70,58,45,68,40,25,72,72,69,72,55,27,20,0.0,1.0,0.0,0.0,0.0,0.0,0.0,0.0,1.0,0.0,0.0,0.0,0.0,0.0,0.0,0.0,0.0,74
77,196889,28,174,72,0,5,4,80.0,73.0,75.0,80.0,44.0,50.0,78,69,42,76,74,80,84,81,69,80,80,80,81,73,89,78,50,66,43,74,48,36,74,72,76,78,44,48,54,0.0,1.0,0.0,0.0,0.0,0.0,0.0,0.0,0.0,0.0,0.0,1.0,0.0,0.0,0.0,0.0,0.0,75
78,198640,28,175,65,1,5,4,72.0,75.0,76.0,78.0,36.0,54.0,77,71,52,73,74,77,85,83,68,82,74,71,75,71,80,83,40,68,55,82,38,31,66,81,68,75,36,36,28,0.0,0.0,0.0,0.0,0.0,1.0,0.0,0.0,0.0,0.0,0.0,1.0,0.0,0.0,0.0,0.0,0.0,75
79,200318,29,185,72,0,2,3,73.0,77.0,72.0,76.0,40.0,68.0,69,75,67,72,74,76,80,76,70,77,76,71,74,77,68,83,71,75,66,78,61,39,74,73,67,71,34,39,36,0.0,0.0,0.0,0.0,0.0,1.0,0.0,0.0,0.0,1.0,0.0,0.0,0.0,0.0,0.0,0.0,0.0,75
80,201046,29,184,73,1,4,4,68.0,67.0,76.0,79.0,41.0,58.0,74,64,58,78,64,81,80,70,72,83,65,70,70,66,74,71,59,58,60,66,52,30,74,79,68,73,54,34,30,0.0,0.0,1.0,0.0,0.0,0.0,0.0,0.0,0.0,0.0,0.0,1.0,0.0,0.0,0.0,0.0,0.0,74
81,202848,27,176,72,1,3,3,84.0,70.0,70.0,81.0,20.0,49.0,66,70,47,74,66,81,74,75,62,79,89,80,91,69,89,73,34,65,51,71,30,16,70,72,54,69,22,13,12,0.0,0.0,0.0,0.0,0.0,1.0,0.0,0.0,0.0,0.0,0.0,1.0,0.0,0.0,0.0,0.0,0.0,75
82,203038,27,182,73,1,4,3,69.0,77.0,74.0,76.0,34.0,57.0,74,76,53,75,73,75,79,77,69,78,70,69,72,74,70,79,35,64,58,82,49,31,75,73,73,79,27,32,43,0.0,0.0,0.0,0.0,0.0,0.0,1.0,0.0,0.0,0.0,0.0,1.0,0.0,0.0,0.0,0.0,0.0,75
83,205531,27,181,70,1,4,3,70.0,74.0,74.0,75.0,65.0,66.0,70,74,66,75,70,74,72,72,73,77,71,70,72,76,75,75,71,72,62,72,66,64,75,76,75,72,65,65,65,0.0,0.0,0.0,0.0,0.0,0.0,1.0,0.0,1.0,0.0,0.0,0.0,0.0,0.0,0.0,0.0,0.0,74
84,213814,27,171,75,1,4,4,79.0,70.0,73.0,81.0,39.0,60.0,77,67,40,77,72,83,78,69,67,82,76,81,79,72,77,74,44,72,62,70,42,34,74,68,69,74,44,38,36,0.0,0.0,1.0,0.0,0.0,0.0,0.0,0.0,1.0,0.0,0.0,0.0,0.0,0.0,0.0,0.0,0.0,75
85,221671,28,180,70,0,4,3,69.0,57.0,75.0,78.0,53.0,62.0,68,52,55,80,61,77,68,54,72,78,73,65,83,75,82,58,55,88,48,62,67,55,73,80,50,78,45,58,53,1.0,0.0,0.0,0.0,0.0,0.0,0.0,0.0,1.0,0.0,0.0,0.0,0.0,0.0,0.0,0.0,0.0,71
86,222148,26,181,75,1,4,4,65.0,73.0,72.0,79.0,53.0,64.0,64,74,52,76,71,80,77,77,69,81,73,59,76,73,75,78,70,84,57,67,57,29,75,75,68,81,63,62,44,0.0,0.0,0.0,0.0,1.0,0.0,0.0,0.0,1.0,0.0,0.0,0.0,0.0,0.0,0.0,0.0,0.0,75
87,226537,27,184,79,0,4,3,75.0,73.0,62.0,70.0,39.0,84.0,35,72,72,72,63,67,54,39,66,73,75,75,69,75,63,82,71,72,91,68,83,19,77,75,81,74,45,37,37,1.0,0.0,0.0,0.0,0.0,0.0,0.0,0.0,0.0,0.0,0.0,1.0,0.0,0.0,0.0,0.0,0.0,73
88,230502,37,180,71,0,3,3,76.0,76.0,61.0,73.0,30.0,64.0,61,78,77,62,77,76,62,63,55,75,73,78,62,79,56,76,55,61,69,73,57,34,72,65,64,65,22,23,22,0.0,0.0,1.0,0.0,0.0,0.0,0.0,0.0,0.0,0.0,0.0,1.0,0.0,0.0,0.0,0.0,0.0,74
89,230524,29,178,72,1,3,3,77.0,77.0,60.0,73.0,24.0,60.0,57,76,77,65,72,72,61,55,58,73,76,78,77,73,71,85,63,61,63,77,52,23,75,56,56,78,20,14,15,0.0,0.0,0.0,0.0,0.0,0.0,1.0,0.0,1.0,0.0,0.0,0.0,0.0,0.0,0.0,0.0,0.0,73
90,240654,23,173,75,0,2,4,81.0,73.0,66.0,79.0,36.0,62.0,63,72,53,74,58,79,66,54,58,83,84,79,81,68,82,85,59,66,64,74,55,23,70,64,57,57,38,37,34,0.0,0.0,1.0,0.0,0.0,0.0,0.0,0.0,0.0,0.0,0.0,1.0,0.0,0.0,0.0,0.0,0.0,75
91,246191,21,170,71,1,3,4,84.0,74.0,72.0,75.0,46.0,62.0,71,75,66,73,69,72,75,73,67,76,81,86,84,70,79,80,72,70,52,70,76,37,73,72,69,78,57,37,33,0.0,0.0,1.0,0.0,0.0,0.0,0.0,0.0,0.0,0.0,1.0,0.0,0.0,0.0,0.0,0.0,0.0,74
92,183332,34,176,69,1,3,4,77.0,70.0,72.0,78.0,42.0,49.0,72,73,43,73,66,78,76,54,70,77,79,76,84,69,80,70,64,48,47,66,50,49,69,74,60,80,48,33,34,0.0,0.0,0.0,0.0,0.0,1.0,0.0,0.0,1.0,0.0,0.0,0.0,0.0,0.0,0.0,0.0,0.0,73
93,188770,30,183,78,1,3,3,68.0,74.0,70.0,78.0,43.0,66.0,72,74,56,74,80,80,74,58,58,78,69,67,77,74,76,77,64,64,67,72,68,44,74,72,69,75,43,39,36,0.0,0.0,0.0,0.0,1.0,0.0,0.0,0.0,0.0,0.0,0.0,1.0,0.0,0.0,0.0,0.0,0.0,74
94,198331,29,180,71,1,4,3,80.0,74.0,68.0,75.0,36.0,67.0,65,72,63,71,74,74,73,64,63,76,82,78,79,72,77,77,76,75,67,71,53,31,78,70,78,71,40,28,34,0.0,0.0,0.0,0.0,0.0,0.0,1.0,0.0,0.0,0.0,0.0,1.0,0.0,0.0,0.0,0.0,0.0,74
95,204320,31,174,71,1,3,3,68.0,71.0,79.0,73.0,52.0,64.0,80,68,38,76,68,72,79,84,78,73,70,66,74,68,78,75,68,77,61,73,53,53,78,83,71,76,56,56,35,0.0,0.0,0.0,0.0,0.0,0.0,1.0,0.0,0.0,0.0,0.0,1.0,0.0,0.0,0.0,0.0,0.0,72
96,205360,28,178,65,1,4,3,79.0,75.0,67.0,73.0,50.0,63.0,67,76,75,70,65,72,70,63,59,73,77,80,82,72,76,78,80,68,60,70,60,50,76,69,75,70,43,49,53,0.0,0.0,1.0,0.0,0.0,0.0,0.0,0.0,1.0,0.0,0.0,0.0,0.0,0.0,0.0,0.0,0.0,74
97,218154,30,170,60,1,4,4,85.0,73.0,70.0,79.0,47.0,64.0,71,73,64,69,68,85,65,71,68,73,82,87,78,68,80,80,74,66,65,66,56,51,71,71,76,77,40,47,47,0.0,0.0,1.0,0.0,0.0,0.0,0.0,1.0,0.0,0.0,0.0,0.0,0.0,0.0,0.0,0.0,0.0,74
98,226568,22,182,72,1,5,4,76.0,71.0,74.0,76.0,36.0,68.0,71,70,60,75,66,76,80,68,72,75,78,75,85,71,69,71,47,84,67,74,57,32,72,76,67,71,38,31,33,0.0,0.0,0.0,0.0,0.0,0.0,1.0,0.0,0.0,0.0,0.0,1.0,0.0,0.0,0.0,0.0,0.0,74
99,230497,29,180,76,1,3,3,80.0,75.0,58.0,73.0,29.0,62.0,61,77,76,61,76,73,55,56,52,71,78,82,78,77,65,73,64,58,70,71,44,44,74,55,72,77,10,25,24,0.0,1.0,0.0,0.0,0.0,0.0,0.0,0.0,1.0,0.0,0.0,0.0,0.0,0.0,0.0,0.0,0.0,72
100,235866,23,185,70,1,4,3,83.0,71.0,63.0,76.0,39.0,65.0,58,76,74,70,66,79,52,45,58,77,81,84,76,69,65,72,94,63,70,60,50,36,76,66,61,68,34,35,32,0.0,0.0,1.0,0.0,0.0,0.0,0.0,0.0,0.0,1.0,0.0,0.0,0.0,0.0,0.0,0.0,0.0,74
101,240938,30,179,70,0,3,3,82.0,68.0,72.0,76.0,37.0,54.0,66,69,52,76,61,79,72,73,69,76,80,83,75,69,68,68,53,65,52,70,45,44,70,71,62,61,31,35,27,0.0,0.0,0.0,0.0,0.0,0.0,1.0,0.0,1.0,0.0,0.0,0.0,0.0,0.0,0.0,0.0,0.0,73
102,243014,21,171,75,0,2,4,83.0,73.0,69.0,74.0,37.0,63.0,72,72,52,69,77,73,69,66,64,72,84,82,89,71,75,77,59,76,60,69,53,29,78,72,63,63,34,41,37,0.0,0.0,0.0,0.0,0.0,0.0,1.0,0.0,0.0,0.0,0.0,1.0,0.0,0.0,0.0,0.0,0.0,73
103,159413,35,174,64,1,4,3,85.0,71.0,66.0,76.0,43.0,64.0,65,72,65,68,66,78,67,62,61,72,86,85,83,69,81,75,57,80,62,65,53,45,73,68,70,72,34,42,46,0.0,0.0,1.0,0.0,0.0,0.0,0.0,0.0,0.0,0.0,0.0,1.0,0.0,0.0,0.0,0.0,0.0,73
104,193886,31,180,77,0,3,3,58.0,76.0,73.0,75.0,49.0,68.0,72,71,58,75,76,75,75,76,70,78,65,53,70,69,73,85,73,59,74,80,65,49,72,71,65,74,36,59,49,0.0,0.0,0.0,0.0,0.0,1.0,0.0,0.0,0.0,0.0,0.0,1.0,0.0,0.0,0.0,0.0,0.0,73
105,208054,30,178,70,1,5,3,79.0,74.0,70.0,73.0,42.0,71.0,73,73,69,67,66,73,57,68,75,69,79,79,78,80,68,80,68,75,71,70,66,47,73,73,74,80,36,42,20,0.0,1.0,0.0,0.0,0.0,0.0,0.0,0.0,1.0,0.0,0.0,0.0,0.0,0.0,0.0,0.0,0.0,73
106,208144,28,178,75,1,4,4,60.0,69.0,74.0,76.0,55.0,48.0,69,64,50,75,64,76,70,69,76,76,68,54,80,72,78,76,52,53,47,76,45,52,71,76,59,73,55,57,55,0.0,0.0,0.0,0.0,0.0,1.0,0.0,0.0,1.0,0.0,0.0,0.0,0.0,0.0,0.0,0.0,0.0,72
107,208822,28,167,66,1,4,3,88.0,73.0,70.0,75.0,32.0,65.0,72,74,54,70,70,72,71,66,71,72,93,83,93,68,85,72,89,72,57,70,71,30,77,70,74,74,50,13,16,0.0,0.0,1.0,0.0,0.0,0.0,0.0,0.0,0.0,0.0,1.0,0.0,0.0,0.0,0.0,0.0,0.0,73
108,211879,27,186,78,1,3,3,61.0,63.0,70.0,73.0,62.0,68.0,59,57,54,76,58,73,69,55,72,77,62,60,68,76,57,75,59,77,65,62,67,71,70,74,61,66,59,63,58,0.0,0.0,0.0,0.0,0.0,0.0,1.0,0.0,0.0,1.0,0.0,0.0,0.0,0.0,0.0,0.0,0.0,70
109,211927,27,173,72,0,3,4,71.0,67.0,72.0,77.0,49.0,55.0,72,65,62,74,63,75,75,66,64,76,75,67,86,73,86,68,53,60,48,73,68,54,70,73,55,76,41,50,49,0.0,0.0,0.0,0.0,0.0,0.0,1.0,0.0,0.0,0.0,0.0,1.0,0.0,0.0,0.0,0.0,0.0,72
110,214207,30,179,85,1,4,3,77.0,73.0,69.0,73.0,38.0,79.0,71,70,67,69,71,73,79,66,68,72,80,75,80,70,73,80,71,71,86,74,72,35,70,68,65,72,42,29,28,0.0,0.0,1.0,0.0,0.0,0.0,0.0,0.0,0.0,0.0,0.0,0.0,0.0,0.0,1.0,0.0,0.0,72
111,228179,26,183,71,0,2,3,77.0,71.0,72.0,77.0,64.0,67.0,70,68,59,72,63,76,81,65,70,77,80,74,80,73,72,81,60,71,70,72,57,62,76,74,55,80,60,70,64,0.0,0.0,1.0,0.0,0.0,0.0,0.0,0.0,0.0,0.0,0.0,1.0,0.0,0.0,0.0,0.0,0.0,73
112,228312,28,181,82,0,4,3,72.0,72.0,71.0,73.0,54.0,69.0,68,72,59,74,67,72,72,66,68,76,73,71,73,67,72,77,60,71,75,72,55,49,72,70,64,68,61,50,45,0.0,0.0,0.0,0.0,0.0,1.0,0.0,0.0,0.0,0.0,0.0,0.0,0.0,0.0,1.0,0.0,0.0,72
113,229128,27,166,60,1,4,3,78.0,70.0,69.0,72.0,46.0,55.0,73,77,52,70,58,71,59,62,63,74,81,76,74,68,78,69,69,63,48,61,59,55,74,73,64,70,51,38,30,0.0,0.0,1.0,0.0,0.0,0.0,0.0,1.0,0.0,0.0,0.0,0.0,0.0,0.0,0.0,0.0,0.0,72
114,230493,29,175,73,1,3,4,80.0,65.0,67.0,73.0,27.0,58.0,71,65,72,79,62,75,45,48,45,71,78,81,71,71,82,63,54,57,62,64,49,22,77,68,72,72,35,12,11,0.0,1.0,0.0,0.0,0.0,0.0,0.0,0.0,0.0,0.0,0.0,0.0,0.0,0.0,1.0,0.0,0.0,72
115,232610,26,173,71,1,4,3,90.0,69.0,62.0,75.0,30.0,61.0,62,73,60,69,65,74,61,39,47,71,91,89,91,76,79,69,79,71,61,59,46,29,71,66,65,70,31,22,20,0.0,0.0,1.0,0.0,0.0,0.0,0.0,0.0,0.0,0.0,0.0,1.0,0.0,0.0,0.0,0.0,0.0,73
116,233260,23,173,77,1,3,3,78.0,74.0,72.0,77.0,30.0,72.0,65,76,59,76,65,80,53,70,72,76,79,78,77,72,75,75,70,78,76,75,55,16,71,75,66,71,44,19,18,0.0,0.0,0.0,0.0,0.0,1.0,0.0,0.0,0.0,0.0,0.0,1.0,0.0,0.0,0.0,0.0,0.0,75
117,263288,28,174,63,1,3,2,90.0,63.0,68.0,74.0,28.0,49.0,75,65,44,67,54,73,61,65,62,73,90,90,88,67,84,60,65,75,38,63,41,25,66,68,60,64,30,23,24,0.0,0.0,1.0,0.0,0.0,0.0,0.0,0.0,1.0,0.0,0.0,0.0,0.0,0.0,0.0,0.0,0.0,70
118,263893,30,171,69,0,3,3,73.0,69.0,74.0,74.0,32.0,59.0,74,70,58,76,63,77,68,74,70,75,74,73,72,65,65,69,60,66,58,72,53,27,66,73,64,62,33,27,28,0.0,0.0,1.0,0.0,0.0,0.0,0.0,0.0,0.0,0.0,0.0,1.0,0.0,0.0,0.0,0.0,0.0,72
119,143809,29,180,72,1,4,3,72.0,74.0,69.0,71.0,37.0,67.0,64,71,71,72,75,69,78,73,63,73,74,71,76,69,78,79,78,66,67,74,65,32,73,70,71,70,39,35,17,0.0,1.0,0.0,0.0,0.0,0.0,0.0,0.0,0.0,0.0,0.0,1.0,0.0,0.0,0.0,0.0,0.0,72
120,178628,31,172,67,1,3,4,75.0,71.0,69.0,75.0,48.0,64.0,66,70,59,73,71,74,70,65,61,75,79,71,84,66,85,73,84,59,62,70,71,42,71,73,67,73,50,49,36,0.0,0.0,1.0,0.0,0.0,0.0,0.0,0.0,0.0,0.0,0.0,1.0,0.0,0.0,0.0,0.0,0.0,72
121,186140,29,185,77,1,3,3,69.0,73.0,58.0,71.0,30.0,63.0,59,75,70,68,72,71,69,51,25,74,67,70,70,68,65,73,70,65,71,69,41,35,75,63,72,70,38,11,12,0.0,0.0,0.0,0.0,0.0,1.0,0.0,0.0,0.0,0.0,0.0,0.0,1.0,0.0,0.0,0.0,0.0,71
122,190919,33,175,74,1,4,4,64.0,74.0,70.0,74.0,43.0,63.0,67,71,74,70,78,72,78,74,65,74,66,63,79,72,79,77,70,70,64,74,52,40,75,73,82,77,38,46,27,0.0,0.0,0.0,0.0,0.0,1.0,0.0,0.0,0.0,0.0,0.0,1.0,0.0,0.0,0.0,0.0,0.0,72
123,195620,33,169,70,1,4,4,90.0,72.0,66.0,73.0,46.0,79.0,63,74,60,66,66,71,70,63,65,70,91,89,84,69,84,70,83,90,72,68,80,42,73,68,74,75,41,50,43,1.0,0.0,0.0,0.0,0.0,0.0,0.0,0.0,0.0,0.0,1.0,0.0,0.0,0.0,0.0,0.0,0.0,72
124,201878,29,181,73,1,4,3,64.0,70.0,75.0,75.0,41.0,58.0,76,66,52,78,68,75,76,76,72,77,62,66,74,66,69,74,54,52,62,74,58,40,71,71,70,70,50,34,26,0.0,0.0,0.0,0.0,0.0,1.0,0.0,0.0,0.0,0.0,0.0,1.0,0.0,0.0,0.0,0.0,0.0,71
125,209780,24,180,67,1,4,4,68.0,72.0,72.0,73.0,52.0,63.0,69,73,60,73,78,72,73,72,70,74,70,67,78,71,73,73,72,71,57,69,67,58,75,74,68,77,45,52,50,0.0,0.0,0.0,0.0,0.0,0.0,1.0,0.0,1.0,0.0,0.0,0.0,0.0,0.0,0.0,0.0,0.0,72
126,210021,26,173,71,1,5,3,78.0,65.0,70.0,75.0,44.0,63.0,68,65,40,73,55,73,63,68,64,75,74,81,87,70,85,70,73,87,60,65,38,45,66,71,60,66,47,42,44,0.0,0.0,1.0,0.0,0.0,0.0,0.0,0.0,0.0,0.0,0.0,1.0,0.0,0.0,0.0,0.0,0.0,70
127,211354,26,184,80,1,3,3,55.0,70.0,71.0,75.0,70.0,66.0,68,66,68,75,70,76,68,64,73,78,55,55,72,72,68,80,66,53,70,74,74,70,74,70,52,72,68,72,70,0.0,0.0,1.0,0.0,0.0,0.0,0.0,0.0,0.0,0.0,0.0,1.0,0.0,0.0,0.0,0.0,0.0,72
128,213582,27,183,77,0,2,4,54.0,72.0,74.0,75.0,34.0,68.0,74,69,61,75,69,76,75,73,71,76,58,51,70,66,69,80,51,63,75,75,59,30,68,73,69,76,29,33,31,0.0,0.0,0.0,0.0,0.0,1.0,0.0,0.0,0.0,0.0,0.0,1.0,0.0,0.0,0.0,0.0,0.0,71
129,216334,26,180,72,1,3,3,57.0,70.0,70.0,70.0,65.0,71.0,71,71,77,72,64,68,62,63,69,70,61,54,68,78,79,71,83,94,58,69,72,67,79,72,67,73,63,63,57,1.0,0.0,0.0,0.0,0.0,0.0,0.0,0.0,1.0,0.0,0.0,0.0,0.0,0.0,0.0,0.0,0.0,71
130,221944,26,176,71,0,2,2,67.0,66.0,75.0,72.0,65.0,67.0,78,60,55,75,64,70,79,74,73,73,68,66,72,71,77,74,64,85,61,72,60,68,62,75,63,75,66,66,58,0.0,0.0,1.0,0.0,0.0,0.0,0.0,0.0,0.0,0.0,0.0,1.0,0.0,0.0,0.0,0.0,0.0,69
131,223206,28,169,70,1,3,3,76.0,69.0,67.0,71.0,42.0,57.0,49,73,43,74,42,68,68,70,68,74,76,76,70,70,73,65,50,69,51,70,59,58,75,72,58,71,44,32,33,0.0,0.0,0.0,0.0,0.0,0.0,1.0,0.0,0.0,0.0,1.0,0.0,0.0,0.0,0.0,0.0,0.0,72
132,223231,26,185,71,1,3,3,75.0,72.0,71.0,70.0,50.0,62.0,70,73,64,72,67,70,73,70,71,71,76,74,80,72,53,72,66,84,51,68,63,61,71,72,77,64,35,52,52,0.0,0.0,1.0,0.0,0.0,0.0,0.0,0.0,0.0,1.0,0.0,0.0,0.0,0.0,0.0,0.0,0.0,72
133,224271,28,181,69,1,3,4,87.0,68.0,70.0,72.0,35.0,62.0,71,70,54,70,59,73,72,64,65,72,87,87,75,67,70,70,52,77,57,65,57,37,72,73,62,65,34,28,37,0.0,0.0,0.0,0.0,0.0,0.0,1.0,0.0,1.0,0.0,0.0,0.0,0.0,0.0,0.0,0.0,0.0,72
134,229658,27,172,69,1,3,3,83.0,64.0,62.0,72.0,52.0,69.0,66,69,56,65,42,71,54,33,62,71,84,83,80,68,78,66,81,83,67,54,55,32,69,64,75,61,58,63,40,1.0,0.0,0.0,0.0,0.0,0.0,0.0,0.0,0.0,0.0,0.0,1.0,0.0,0.0,0.0,0.0,0.0,69
135,230277,21,180,76,0,5,3,77.0,65.0,68.0,72.0,33.0,60.0,67,67,60,77,55,74,50,44,61,68,76,77,77,72,65,63,59,54,70,65,44,35,77,69,56,69,28,28,29,0.0,1.0,0.0,0.0,0.0,0.0,0.0,0.0,0.0,0.0,0.0,1.0,0.0,0.0,0.0,0.0,0.0,71
136,233151,24,167,64,0,3,3,78.0,69.0,70.0,77.0,46.0,54.0,66,67,37,73,61,76,72,71,64,75,86,72,94,72,91,73,88,72,46,73,43,43,68,72,64,64,44,51,47,0.0,0.0,1.0,0.0,0.0,0.0,0.0,1.0,0.0,0.0,0.0,0.0,0.0,0.0,0.0,0.0,0.0,72
137,237540,26,188,82,0,3,3,69.0,65.0,70.0,71.0,59.0,77.0,66,64,44,74,49,72,60,63,68,74,62,74,65,74,65,74,58,89,76,61,70,58,74,75,54,68,65,60,52,1.0,0.0,0.0,0.0,0.0,0.0,0.0,0.0,0.0,0.0,0.0,0.0,1.0,0.0,0.0,0.0,0.0,71
138,239671,24,184,78,1,3,3,81.0,72.0,69.0,72.0,43.0,68.0,71,73,59,70,64,74,73,69,67,73,83,79,80,63,53,75,64,73,68,72,63,45,63,64,63,65,49,35,28,0.0,0.0,1.0,0.0,0.0,0.0,0.0,0.0,0.0,0.0,0.0,1.0,0.0,0.0,0.0,0.0,0.0,71
139,241522,22,190,82,1,3,3,71.0,70.0,67.0,72.0,35.0,78.0,56,70,71,71,64,73,64,65,65,74,68,73,63,71,67,73,71,77,84,66,64,34,74,73,76,72,35,29,22,0.0,0.0,1.0,0.0,0.0,0.0,0.0,0.0,0.0,0.0,0.0,0.0,1.0,0.0,0.0,0.0,0.0,72
140,244832,23,180,78,1,3,3,71.0,73.0,57.0,73.0,29.0,59.0,41,77,68,66,58,76,57,65,52,70,72,70,79,72,57,76,74,65,62,65,42,30,72,60,73,65,19,27,25,0.0,0.0,1.0,0.0,0.0,0.0,0.0,0.0,0.0,0.0,0.0,1.0,0.0,0.0,0.0,0.0,0.0,71
141,256287,18,173,73,1,3,3,82.0,71.0,66.0,76.0,35.0,66.0,66,72,58,68,66,75,61,48,66,74,89,77,88,71,89,73,61,61,69,68,65,29,73,69,65,71,33,35,29,0.0,0.0,1.0,0.0,0.0,0.0,0.0,0.0,0.0,0.0,0.0,0.0,0.0,0.0,1.0,0.0,0.0,73
142,256903,20,184,79,1,4,2,81.0,70.0,63.0,71.0,33.0,83.0,60,73,74,70,64,69,60,41,62,70,83,79,79,74,76,70,82,87,85,67,71,31,74,63,57,66,29,31,17,1.0,0.0,0.0,0.0,0.0,0.0,0.0,0.0,0.0,0.0,0.0,1.0,0.0,0.0,0.0,0.0,0.0,72
143,176993,30,170,68,1,4,4,68.0,71.0,71.0,74.0,26.0,43.0,68,67,42,73,75,73,79,66,68,74,72,64,75,64,84,74,40,61,40,74,27,27,71,72,74,72,27,22,19,0.0,0.0,0.0,0.0,0.0,1.0,0.0,1.0,0.0,0.0,0.0,0.0,0.0,0.0,0.0,0.0,0.0,70
144,191032,29,176,70,0,4,3,81.0,66.0,70.0,75.0,43.0,70.0,72,64,59,72,59,79,75,68,69,72,80,82,82,58,81,73,58,60,75,68,73,43,63,66,66,63,45,38,32,0.0,1.0,0.0,0.0,0.0,0.0,0.0,0.0,0.0,0.0,1.0,0.0,0.0,0.0,0.0,0.0,0.0,70
145,191388,29,178,69,1,4,4,78.0,68.0,70.0,74.0,43.0,63.0,70,67,54,70,72,76,72,67,67,71,78,78,78,66,68,70,31,68,65,69,62,44,68,71,68,70,38,47,37,0.0,0.0,0.0,0.0,0.0,1.0,0.0,0.0,1.0,0.0,0.0,0.0,0.0,0.0,0.0,0.0,0.0,71
146,191565,31,182,71,1,4,3,63.0,69.0,62.0,76.0,41.0,62.0,42,71,74,71,67,77,71,53,60,77,75,53,77,71,77,71,79,68,57,66,63,31,67,70,68,72,43,39,32,0.0,0.0,0.0,0.0,0.0,0.0,1.0,0.0,1.0,0.0,0.0,0.0,0.0,0.0,0.0,0.0,0.0,71
147,209061,28,173,66,1,4,3,89.0,64.0,66.0,73.0,27.0,68.0,65,65,44,69,59,70,68,59,52,72,88,90,86,72,84,66,66,85,54,62,80,25,71,72,47,65,29,21,24,0.0,0.0,1.0,0.0,0.0,0.0,0.0,0.0,1.0,0.0,0.0,0.0,0.0,0.0,0.0,0.0,0.0,71
148,210126,31,172,66,1,3,3,70.0,68.0,70.0,72.0,41.0,62.0,70,66,53,69,70,70,71,79,71,72,68,71,77,68,76,68,73,69,58,71,58,36,71,70,75,73,48,35,33,0.0,0.0,0.0,0.0,0.0,0.0,1.0,0.0,0.0,0.0,0.0,1.0,0.0,0.0,0.0,0.0,0.0,69
149,215247,25,187,84,0,3,3,63.0,75.0,63.0,72.0,36.0,72.0,62,76,69,63,73,73,77,46,53,74,67,60,66,70,71,79,67,82,74,75,56,25,69,71,64,67,33,38,30,0.0,0.0,1.0,0.0,0.0,0.0,0.0,0.0,0.0,0.0,0.0,0.0,1.0,0.0,0.0,0.0,0.0,71
150,222467,27,174,70,1,3,3,79.0,71.0,68.0,74.0,39.0,66.0,68,69,59,67,66,73,75,75,65,72,81,77,84,67,81,79,68,73,65,70,58,41,68,67,71,68,36,36,29,0.0,0.0,0.0,0.0,0.0,0.0,1.0,0.0,0.0,0.0,0.0,1.0,0.0,0.0,0.0,0.0,0.0,71
151,223867,26,174,70,0,3,3,82.0,71.0,69.0,71.0,34.0,65.0,68,72,62,69,68,69,72,73,64,69,81,82,84,72,82,71,82,74,58,74,66,24,71,70,62,71,23,41,36,0.0,0.0,1.0,0.0,0.0,0.0,0.0,0.0,1.0,0.0,0.0,0.0,0.0,0.0,0.0,0.0,0.0,71
152,224146,30,179,70,1,4,4,82.0,74.0,66.0,72.0,31.0,67.0,62,79,52,70,63,70,52,55,71,71,83,81,84,67,82,73,60,85,70,69,37,34,69,66,73,61,31,24,23,0.0,0.0,1.0,0.0,0.0,0.0,0.0,0.0,1.0,0.0,0.0,0.0,0.0,0.0,0.0,0.0,0.0,71
153,230479,21,174,73,1,3,3,69.0,63.0,73.0,72.0,37.0,56.0,72,64,46,73,68,71,73,71,75,73,67,71,65,76,81,62,72,78,47,56,48,52,71,75,74,81,14,46,35,0.0,0.0,1.0,0.0,0.0,0.0,0.0,0.0,0.0,0.0,0.0,1.0,0.0,0.0,0.0,0.0,0.0,70
154,230521,33,180,71,1,5,3,82.0,63.0,60.0,73.0,25.0,62.0,55,66,75,65,62,73,63,64,61,75,82,82,71,77,71,61,72,62,73,56,33,44,72,55,65,66,14,12,13,0.0,1.0,0.0,0.0,0.0,0.0,0.0,0.0,1.0,0.0,0.0,0.0,0.0,0.0,0.0,0.0,0.0,70
155,232898,24,175,67,1,3,3,77.0,67.0,72.0,71.0,39.0,61.0,70,67,49,72,56,70,68,76,71,72,78,77,76,69,72,69,62,71,59,70,53,51,71,75,56,66,32,36,31,0.0,0.0,0.0,0.0,0.0,1.0,0.0,0.0,1.0,0.0,0.0,0.0,0.0,0.0,0.0,0.0,0.0,71
156,233299,24,184,82,0,3,3,72.0,71.0,55.0,68.0,29.0,69.0,45,70,72,60,72,66,57,45,52,71,70,73,67,67,65,78,66,61,79,65,55,25,73,60,68,71,20,24,38,0.0,0.0,1.0,0.0,0.0,0.0,0.0,0.0,0.0,0.0,0.0,1.0,0.0,0.0,0.0,0.0,0.0,68
157,234698,27,158,56,1,3,5,82.0,63.0,71.0,77.0,26.0,46.0,64,62,31,76,60,77,68,62,66,72,90,75,92,69,95,61,35,80,28,67,49,32,71,74,60,68,31,19,18,1.0,0.0,0.0,0.0,0.0,0.0,0.0,0.0,0.0,0.0,1.0,0.0,0.0,0.0,0.0,0.0,0.0,71
158,234875,26,184,83,1,2,2,70.0,72.0,50.0,59.0,40.0,78.0,45,74,75,56,69,57,50,38,41,56,67,73,63,76,64,78,80,81,80,65,70,33,76,54,57,59,40,38,29,0.0,0.0,0.0,0.0,0.0,0.0,1.0,0.0,0.0,0.0,0.0,1.0,0.0,0.0,0.0,0.0,0.0,66
159,238196,22,177,75,1,3,3,76.0,68.0,67.0,73.0,41.0,62.0,67,71,39,72,68,73,56,39,69,73,75,77,76,68,71,67,69,71,59,67,57,42,70,68,40,64,45,39,32,0.0,1.0,0.0,0.0,0.0,0.0,0.0,0.0,1.0,0.0,0.0,0.0,0.0,0.0,0.0,0.0,0.0,71
160,239367,22,176,68,1,4,4,83.0,67.0,63.0,76.0,33.0,51.0,64,72,49,69,67,76,56,49,54,75,85,82,87,66,86,70,39,76,45,53,38,29,70,65,54,65,33,31,29,0.0,1.0,0.0,0.0,0.0,0.0,0.0,0.0,1.0,0.0,0.0,0.0,0.0,0.0,0.0,0.0,0.0,71
161,244186,24,166,67,1,3,4,82.0,64.0,68.0,77.0,30.0,55.0,62,66,38,72,59,75,70,62,65,75,83,81,93,68,92,70,32,74,56,57,35,33,66,72,51,77,20,37,29,0.0,0.0,1.0,0.0,0.0,0.0,0.0,0.0,0.0,0.0,1.0,0.0,0.0,0.0,0.0,0.0,0.0,71
162,245152,20,182,69,0,3,2,76.0,69.0,60.0,64.0,39.0,75.0,50,72,73,70,63,60,52,36,55,72,75,77,65,62,63,67,63,62,83,65,72,31,73,65,74,57,29,45,32,0.0,0.0,1.0,0.0,0.0,0.0,0.0,0.0,0.0,0.0,0.0,1.0,0.0,0.0,0.0,0.0,0.0,69
163,253240,21,165,63,1,3,4,80.0,67.0,56.0,72.0,37.0,60.0,36,69,64,68,54,72,62,59,36,75,81,79,78,68,76,72,62,52,57,66,78,45,69,69,42,51,40,22,25,0.0,0.0,1.0,0.0,0.0,0.0,0.0,1.0,0.0,0.0,0.0,0.0,0.0,0.0,0.0,0.0,0.0,71
164,254544,19,185,82,1,4,4,77.0,68.0,64.0,75.0,43.0,65.0,58,68,59,67,70,77,72,55,57,74,83,72,78,68,69,72,54,69,67,64,60,31,68,70,69,74,42,47,40,0.0,0.0,0.0,0.0,0.0,0.0,1.0,0.0,0.0,1.0,0.0,0.0,0.0,0.0,0.0,0.0,0.0,71
165,254660,19,178,72,1,3,2,76.0,69.0,65.0,70.0,40.0,64.0,63,69,60,67,62,69,67,44,65,73,77,76,74,71,73,73,69,77,55,69,69,38,67,66,63,56,44,30,38,0.0,0.0,1.0,0.0,0.0,0.0,0.0,0.0,0.0,0.0,0.0,1.0,0.0,0.0,0.0,0.0,0.0,70
166,179574,33,179,82,1,3,3,59.0,72.0,61.0,67.0,30.0,68.0,62,74,72,65,70,64,48,52,55,70,54,63,64,70,69,75,74,52,79,66,59,23,72,65,73,78,24,29,25,0.0,0.0,0.0,0.0,0.0,1.0,0.0,0.0,0.0,0.0,0.0,0.0,0.0,0.0,1.0,0.0,0.0,68
167,188616,33,169,65,1,4,4,83.0,67.0,66.0,76.0,30.0,56.0,68,67,49,68,70,74,70,70,59,73,85,82,90,67,94,66,75,74,52,64,38,14,68,66,70,72,44,22,22,0.0,0.0,0.0,0.0,0.0,0.0,1.0,0.0,0.0,0.0,1.0,0.0,0.0,0.0,0.0,0.0,0.0,70
168,200489,33,189,82,1,3,3,61.0,70.0,62.0,65.0,28.0,79.0,64,74,71,65,60,65,53,53,59,68,66,57,66,64,37,69,63,74,88,63,68,23,73,59,68,65,23,23,23,0.0,0.0,0.0,0.0,0.0,0.0,1.0,0.0,0.0,0.0,0.0,0.0,1.0,0.0,0.0,0.0,0.0,67
169,212249,27,184,76,0,4,3,72.0,74.0,75.0,70.0,34.0,63.0,82,67,48,70,68,70,81,82,74,71,65,78,72,66,68,88,59,84,63,79,40,31,67,72,67,66,38,27,32,0.0,0.0,1.0,0.0,0.0,0.0,0.0,0.0,0.0,0.0,0.0,1.0,0.0,0.0,0.0,0.0,0.0,70
170,212381,27,172,65,0,2,3,82.0,65.0,71.0,73.0,27.0,39.0,71,65,66,72,65,73,68,67,71,71,80,84,81,65,81,63,51,57,34,64,28,18,69,70,65,69,27,23,22,0.0,1.0,0.0,0.0,0.0,0.0,0.0,0.0,1.0,0.0,0.0,0.0,0.0,0.0,0.0,0.0,0.0,70
171,216003,24,180,72,1,3,3,83.0,61.0,69.0,72.0,37.0,61.0,64,61,56,73,49,71,67,49,65,73,80,86,83,70,75,63,68,84,57,64,41,38,64,73,55,58,32,35,38,0.0,0.0,0.0,0.0,0.0,0.0,1.0,0.0,1.0,0.0,0.0,0.0,0.0,0.0,0.0,0.0,0.0,70
172,216802,26,169,71,1,3,4,82.0,68.0,60.0,73.0,33.0,66.0,55,71,66,66,66,74,55,47,59,73,85,80,81,68,79,64,73,61,73,67,55,25,69,60,67,53,37,25,29,0.0,0.0,1.0,0.0,0.0,0.0,0.0,0.0,0.0,0.0,1.0,0.0,0.0,0.0,0.0,0.0,0.0,70
173,230292,25,165,62,0,3,3,86.0,68.0,56.0,76.0,31.0,44.0,40,71,61,61,75,73,76,64,43,75,85,87,87,78,87,62,69,70,30,63,42,26,77,65,59,79,30,25,29,0.0,1.0,0.0,0.0,0.0,0.0,0.0,1.0,0.0,0.0,0.0,0.0,0.0,0.0,0.0,0.0,0.0,70
174,230522,21,170,66,1,2,3,83.0,57.0,72.0,74.0,39.0,48.0,76,64,49,72,65,73,74,75,62,75,87,79,74,65,89,49,44,57,47,43,39,42,64,72,74,66,30,44,37,0.0,0.0,0.0,0.0,0.0,1.0,0.0,0.0,0.0,0.0,1.0,0.0,0.0,0.0,0.0,0.0,0.0,68
175,232593,27,185,74,1,3,3,80.0,69.0,59.0,67.0,25.0,68.0,59,70,68,67,62,69,55,38,36,68,78,82,65,68,58,73,50,69,73,67,60,12,71,66,57,57,27,21,11,0.0,0.0,0.0,0.0,0.0,0.0,1.0,0.0,0.0,1.0,0.0,0.0,0.0,0.0,0.0,0.0,0.0,70
176,232775,29,175,67,1,4,4,81.0,68.0,69.0,70.0,52.0,65.0,67,69,68,69,65,69,68,63,68,70,82,80,80,68,72,70,81,70,61,67,65,52,70,71,64,67,40,59,49,0.0,0.0,1.0,0.0,0.0,0.0,0.0,0.0,1.0,0.0,0.0,0.0,0.0,0.0,0.0,0.0,0.0,70
177,232884,29,172,63,1,4,3,72.0,68.0,67.0,72.0,44.0,59.0,61,68,54,72,70,72,68,50,62,70,75,70,80,68,78,68,71,76,53,67,49,38,73,70,65,73,44,46,35,0.0,0.0,1.0,0.0,0.0,0.0,0.0,0.0,1.0,0.0,0.0,0.0,0.0,0.0,0.0,0.0,0.0,70
178,235135,25,183,75,1,3,3,91.0,67.0,65.0,69.0,30.0,60.0,67,68,53,65,64,69,65,41,64,67,90,91,73,65,69,70,63,64,71,65,29,25,70,68,50,67,23,30,33,0.0,0.0,0.0,0.0,0.0,0.0,1.0,0.0,0.0,0.0,0.0,1.0,0.0,0.0,0.0,0.0,0.0,70
179,239138,21,179,69,1,4,4,82.0,57.0,60.0,75.0,35.0,57.0,63,62,51,66,56,75,46,36,51,74,81,82,88,62,84,55,46,67,54,50,55,30,64,63,48,58,34,32,36,0.0,0.0,0.0,0.0,0.0,0.0,1.0,0.0,1.0,0.0,0.0,0.0,0.0,0.0,0.0,0.0,0.0,67
180,239701,21,174,73,1,3,3,75.0,62.0,66.0,77.0,48.0,60.0,69,58,39,70,57,78,63,44,60,75,77,74,85,69,85,69,75,70,61,67,43,60,66,67,52,65,56,37,37,0.0,0.0,1.0,0.0,0.0,0.0,0.0,0.0,0.0,0.0,0.0,1.0,0.0,0.0,0.0,0.0,0.0,69
181,241410,19,178,74,1,3,4,78.0,63.0,61.0,77.0,39.0,52.0,61,63,67,71,53,78,52,45,54,79,79,77,83,64,79,62,80,58,49,64,46,40,65,55,63,51,36,32,35,0.0,0.0,0.0,0.0,0.0,0.0,1.0,0.0,1.0,0.0,0.0,0.0,0.0,0.0,0.0,0.0,0.0,70
182,244390,28,188,85,1,3,3,76.0,72.0,65.0,72.0,45.0,72.0,70,72,57,68,67,73,69,44,61,71,77,75,72,65,72,81,44,74,77,68,64,38,69,64,54,67,45,47,38,0.0,0.0,1.0,0.0,0.0,0.0,0.0,0.0,0.0,0.0,0.0,0.0,1.0,0.0,0.0,0.0,0.0,70
183,244853,21,179,66,0,3,3,81.0,69.0,65.0,71.0,44.0,63.0,59,68,48,69,71,71,64,64,59,73,78,83,75,65,75,73,72,88,59,71,40,46,69,67,59,54,38,46,45,1.0,0.0,0.0,0.0,0.0,0.0,0.0,0.0,1.0,0.0,0.0,0.0,0.0,0.0,0.0,0.0,0.0,70
184,246755,22,176,75,1,3,2,82.0,68.0,58.0,71.0,31.0,66.0,56,72,67,65,55,73,52,38,49,68,83,81,80,65,75,70,80,75,71,63,41,28,70,61,64,64,26,31,18,0.0,0.0,0.0,0.0,0.0,0.0,1.0,0.0,1.0,0.0,0.0,0.0,0.0,0.0,0.0,0.0,0.0,70
185,251401,20,175,72,0,3,4,79.0,57.0,62.0,77.0,42.0,61.0,69,63,38,67,59,80,68,41,47,75,81,77,84,54,84,61,53,63,60,36,63,38,64,62,57,56,48,42,37,0.0,0.0,0.0,0.0,0.0,0.0,1.0,0.0,0.0,0.0,0.0,1.0,0.0,0.0,0.0,0.0,0.0,67
186,254910,24,170,63,1,3,3,73.0,66.0,67.0,71.0,40.0,60.0,69,66,45,67,61,72,69,68,64,66,76,71,80,65,82,65,70,73,48,69,71,38,72,68,52,63,32,47,46,0.0,0.0,1.0,0.0,0.0,0.0,0.0,1.0,0.0,0.0,0.0,0.0,0.0,0.0,0.0,0.0,0.0,68
187,259962,25,175,64,0,2,3,66.0,71.0,50.0,68.0,27.0,56.0,30,76,75,69,68,67,33,31,58,73,64,67,66,66,74,70,68,64,52,65,52,21,68,41,64,50,22,22,20,0.0,0.0,1.0,0.0,0.0,0.0,0.0,0.0,1.0,0.0,0.0,0.0,0.0,0.0,0.0,0.0,0.0,67
188,197240,30,182,76,1,3,3,69.0,69.0,68.0,70.0,38.0,64.0,66,67,48,71,63,69,70,68,63,70,67,71,73,68,70,75,55,75,67,71,45,44,71,69,62,70,30,40,35,0.0,0.0,0.0,0.0,0.0,0.0,1.0,0.0,1.0,0.0,0.0,0.0,0.0,0.0,0.0,0.0,0.0,69
189,198635,28,173,65,1,3,3,86.0,64.0,69.0,72.0,32.0,45.0,70,63,47,70,53,72,73,70,66,70,87,86,91,57,75,68,78,40,45,66,44,40,60,66,73,67,34,22,20,0.0,0.0,0.0,0.0,0.0,0.0,1.0,0.0,0.0,0.0,0.0,1.0,0.0,0.0,0.0,0.0,0.0,68
190,204350,28,179,78,1,4,3,71.0,72.0,66.0,74.0,26.0,57.0,64,69,67,69,68,78,74,72,61,74,75,68,75,63,60,77,63,60,62,78,39,25,61,63,69,59,22,19,21,0.0,0.0,0.0,0.0,0.0,1.0,0.0,0.0,0.0,0.0,0.0,1.0,0.0,0.0,0.0,0.0,0.0,69
191,218343,25,185,65,0,3,3,82.0,63.0,63.0,72.0,39.0,58.0,67,64,50,65,51,73,59,41,54,71,80,84,77,60,68,68,62,75,58,62,36,35,63,68,54,69,38,41,36,0.0,0.0,0.0,0.0,0.0,0.0,1.0,0.0,0.0,1.0,0.0,0.0,0.0,0.0,0.0,0.0,0.0,68
192,224330,26,166,71,1,4,3,88.0,67.0,59.0,75.0,33.0,69.0,54,70,60,61,64,72,62,46,50,74,87,89,92,65,92,67,90,77,64,61,64,39,71,72,71,60,38,16,27,0.0,0.0,1.0,0.0,0.0,0.0,0.0,1.0,0.0,0.0,0.0,0.0,0.0,0.0,0.0,0.0,0.0,71
193,229949,27,185,82,0,4,4,89.0,69.0,60.0,67.0,30.0,77.0,58,70,57,62,61,67,60,53,55,67,86,91,81,62,50,71,68,81,81,68,66,25,65,66,68,65,33,25,19,0.0,0.0,0.0,0.0,0.0,0.0,1.0,0.0,0.0,0.0,0.0,0.0,1.0,0.0,0.0,0.0,0.0,68
194,230520,21,180,75,1,3,3,64.0,66.0,54.0,70.0,31.0,61.0,58,66,72,52,60,72,68,56,50,71,61,66,65,72,61,68,72,54,71,67,41,31,77,54,57,61,17,31,31,0.0,0.0,0.0,0.0,0.0,0.0,1.0,0.0,1.0,0.0,0.0,0.0,0.0,0.0,0.0,0.0,0.0,67
195,230817,24,184,74,1,3,3,64.0,56.0,69.0,71.0,54.0,63.0,60,50,60,73,52,72,64,65,70,73,65,64,67,70,65,65,59,70,63,63,55,52,66,70,48,61,53,55,52,0.0,0.0,1.0,0.0,0.0,0.0,0.0,0.0,0.0,0.0,0.0,1.0,0.0,0.0,0.0,0.0,0.0,67
196,232462,31,171,68,1,3,3,71.0,70.0,69.0,69.0,54.0,73.0,65,70,57,73,66,68,65,58,70,70,70,71,69,67,76,72,71,95,71,71,49,50,63,68,59,65,55,57,47,0.0,0.0,1.0,0.0,0.0,0.0,0.0,0.0,0.0,0.0,0.0,1.0,0.0,0.0,0.0,0.0,0.0,69
197,233090,24,165,60,0,3,3,85.0,61.0,62.0,77.0,35.0,52.0,59,63,50,66,52,78,68,42,60,70,81,89,92,66,90,64,76,66,48,62,40,41,65,65,39,72,31,30,32,0.0,0.0,0.0,0.0,0.0,0.0,1.0,1.0,0.0,0.0,0.0,0.0,0.0,0.0,0.0,0.0,0.0,69
198,233520,26,170,73,1,4,3,75.0,62.0,63.0,74.0,39.0,53.0,59,64,33,68,60,73,57,63,56,72,79,72,92,61,86,60,81,72,44,58,47,33,69,66,62,63,50,36,33,0.0,0.0,0.0,0.0,0.0,0.0,1.0,1.0,0.0,0.0,0.0,0.0,0.0,0.0,0.0,0.0,0.0,67
199,237340,26,174,71,1,4,4,87.0,68.0,64.0,71.0,28.0,66.0,60,72,60,67,66,71,64,56,64,73,86,88,78,64,71,65,44,82,67,64,48,25,68,64,52,61,32,19,17,0.0,0.0,1.0,0.0,0.0,0.0,0.0,0.0,0.0,0.0,0.0,0.0,0.0,0.0,1.0,0.0,0.0,70
200,239028,22,175,73,1,4,4,86.0,72.0,64.0,72.0,36.0,66.0,65,69,32,63,54,73,73,76,60,68,87,85,89,63,76,84,83,64,72,79,47,29,63,60,46,61,42,36,39,0.0,0.0,0.0,0.0,0.0,0.0,1.0,0.0,0.0,0.0,0.0,1.0,0.0,0.0,0.0,0.0,0.0,69
201,239211,26,184,89,1,2,2,55.0,69.0,47.0,63.0,27.0,78.0,40,72,73,61,59,66,30,27,38,68,56,55,48,61,49,74,77,76,91,62,48,21,69,47,64,60,24,20,23,0.0,1.0,0.0,0.0,0.0,0.0,0.0,0.0,0.0,0.0,0.0,1.0,0.0,0.0,0.0,0.0,0.0,64
202,242002,26,177,66,1,3,3,87.0,64.0,61.0,70.0,47.0,70.0,71,64,58,65,69,71,51,45,55,68,85,89,82,60,75,71,84,80,65,59,65,45,64,53,47,57,41,49,47,1.0,0.0,0.0,0.0,0.0,0.0,0.0,0.0,1.0,0.0,0.0,0.0,0.0,0.0,0.0,0.0,0.0,67
203,246949,24,174,72,0,3,3,79.0,69.0,59.0,71.0,19.0,65.0,58,70,63,65,66,71,59,27,59,67,78,80,81,68,77,69,72,71,66,68,53,16,72,55,61,62,12,15,13,0.0,1.0,0.0,0.0,0.0,0.0,0.0,0.0,0.0,0.0,0.0,1.0,0.0,0.0,0.0,0.0,0.0,69
204,251243,20,179,71,1,3,3,74.0,58.0,64.0,76.0,31.0,47.0,57,60,33,69,59,78,60,49,63,74,75,74,86,67,78,66,56,60,34,42,59,22,70,69,55,63,35,29,39,0.0,0.0,0.0,0.0,0.0,0.0,1.0,0.0,1.0,0.0,0.0,0.0,0.0,0.0,0.0,0.0,0.0,69
205,253234,32,173,68,1,3,3,67.0,69.0,70.0,66.0,34.0,52.0,71,65,46,69,65,59,71,69,66,71,66,68,70,66,79,70,52,64,52,77,39,31,74,72,75,70,40,30,26,0.0,1.0,0.0,0.0,0.0,0.0,0.0,0.0,1.0,0.0,0.0,0.0,0.0,0.0,0.0,0.0,0.0,68
206,255233,19,173,72,0,3,3,74.0,65.0,68.0,71.0,40.0,51.0,61,63,40,70,56,72,69,70,67,73,75,74,73,59,74,70,35,66,48,69,44,38,61,73,60,58,39,43,38,0.0,0.0,0.0,0.0,0.0,0.0,1.0,0.0,0.0,0.0,0.0,1.0,0.0,0.0,0.0,0.0,0.0,68
207,260248,28,176,74,1,4,3,76.0,71.0,51.0,69.0,22.0,69.0,48,68,65,55,63,66,67,72,46,71,75,76,77,62,68,81,83,82,63,70,65,16,75,43,70,80,23,12,14,0.0,1.0,0.0,0.0,0.0,0.0,0.0,0.0,0.0,0.0,0.0,1.0,0.0,0.0,0.0,0.0,0.0,67
208,190471,35,170,65,1,5,3,71.0,67.0,66.0,71.0,34.0,53.0,66,65,74,70,64,72,70,66,60,67,72,70,75,60,82,70,77,72,39,69,60,31,68,63,72,69,42,19,24,0.0,0.0,0.0,0.0,0.0,0.0,1.0,0.0,0.0,0.0,1.0,0.0,0.0,0.0,0.0,0.0,0.0,68
209,191378,32,172,68,1,4,3,54.0,65.0,67.0,69.0,58.0,64.0,69,67,55,70,53,68,42,54,68,72,57,52,68,68,75,68,45,68,62,67,67,66,64,68,46,56,41,69,67,0.0,0.0,0.0,0.0,0.0,0.0,1.0,0.0,0.0,0.0,0.0,1.0,0.0,0.0,0.0,0.0,0.0,67
210,200954,28,186,75,1,3,3,64.0,66.0,63.0,68.0,32.0,67.0,66,68,68,67,66,67,58,57,54,70,68,60,68,70,63,68,81,82,64,61,53,32,72,61,57,58,24,30,30,0.0,0.0,0.0,0.0,0.0,0.0,1.0,0.0,0.0,1.0,0.0,0.0,0.0,0.0,0.0,0.0,0.0,68
211,209950,30,176,76,1,4,3,86.0,64.0,60.0,73.0,26.0,61.0,60,64,60,67,65,76,43,63,52,72,86,86,79,58,79,67,73,68,68,60,30,18,69,57,62,51,30,18,21,0.0,0.0,1.0,0.0,0.0,0.0,0.0,0.0,1.0,0.0,0.0,0.0,0.0,0.0,0.0,0.0,0.0,68
212,211211,27,180,74,1,4,3,77.0,66.0,49.0,69.0,35.0,60.0,37,71,68,57,56,68,38,29,45,71,75,79,75,62,71,64,74,54,59,59,66,27,71,57,68,56,33,33,31,0.0,1.0,0.0,0.0,0.0,0.0,0.0,0.0,0.0,0.0,0.0,1.0,0.0,0.0,0.0,0.0,0.0,67
213,211245,25,177,65,1,3,3,83.0,63.0,66.0,71.0,53.0,66.0,66,66,61,68,63,69,63,62,65,67,87,79,85,64,90,65,76,72,62,58,66,57,67,67,39,63,42,56,61,0.0,0.0,0.0,0.0,0.0,0.0,1.0,0.0,0.0,0.0,0.0,1.0,0.0,0.0,0.0,0.0,0.0,68
214,215459,28,188,81,1,3,2,68.0,66.0,59.0,65.0,41.0,72.0,46,68,64,63,64,64,61,58,58,68,66,70,65,67,62,65,73,68,76,64,66,45,74,66,63,65,38,36,30,0.0,0.0,0.0,0.0,0.0,0.0,1.0,0.0,0.0,0.0,0.0,0.0,1.0,0.0,0.0,0.0,0.0,67
215,222163,32,173,68,1,3,3,81.0,67.0,63.0,69.0,28.0,51.0,61,68,53,66,59,66,55,61,58,68,81,81,86,64,85,66,55,74,47,68,33,20,67,64,65,63,23,31,29,1.0,0.0,0.0,0.0,0.0,0.0,0.0,0.0,0.0,0.0,0.0,1.0,0.0,0.0,0.0,0.0,0.0,68
216,223128,26,175,71,1,4,3,77.0,66.0,64.0,72.0,31.0,64.0,57,67,67,66,70,74,71,66,60,71,79,75,79,57,78,68,76,59,63,59,72,22,67,69,71,64,38,22,22,0.0,1.0,0.0,0.0,0.0,0.0,0.0,0.0,0.0,0.0,0.0,1.0,0.0,0.0,0.0,0.0,0.0,68
217,230515,29,172,62,0,4,3,76.0,68.0,62.0,75.0,31.0,41.0,64,74,71,62,71,75,66,65,51,71,84,69,91,61,88,59,56,63,33,61,31,31,72,64,64,66,17,32,31,0.0,0.0,0.0,0.0,0.0,0.0,1.0,0.0,1.0,0.0,0.0,0.0,0.0,0.0,0.0,0.0,0.0,68
218,232479,24,178,76,1,3,2,80.0,67.0,58.0,65.0,33.0,72.0,61,70,61,63,64,66,39,42,63,65,81,80,68,58,65,69,77,78,72,60,63,18,70,50,62,65,21,44,37,0.0,0.0,1.0,0.0,0.0,0.0,0.0,0.0,0.0,0.0,0.0,1.0,0.0,0.0,0.0,0.0,0.0,66
219,232608,31,170,68,1,5,3,78.0,63.0,64.0,70.0,34.0,57.0,67,71,39,68,45,68,41,34,65,70,76,79,77,69,78,60,33,68,66,54,29,33,67,67,60,57,39,32,24,0.0,0.0,0.0,0.0,0.0,0.0,1.0,0.0,0.0,0.0,1.0,0.0,0.0,0.0,0.0,0.0,0.0,68
220,235103,25,176,68,1,5,4,82.0,63.0,60.0,70.0,41.0,67.0,67,60,37,63,56,70,59,34,53,66,85,80,87,69,70,73,88,70,60,68,74,48,62,58,40,67,31,52,30,0.0,0.0,1.0,0.0,0.0,0.0,0.0,0.0,0.0,0.0,0.0,1.0,0.0,0.0,0.0,0.0,0.0,66
221,235215,23,174,67,1,4,3,73.0,56.0,66.0,72.0,32.0,58.0,65,50,54,68,62,72,67,63,62,72,74,73,77,68,71,62,60,62,58,60,50,29,67,68,60,59,31,29,28,0.0,0.0,0.0,0.0,0.0,0.0,1.0,0.0,1.0,0.0,0.0,0.0,0.0,0.0,0.0,0.0,0.0,67
222,236522,21,168,71,0,4,3,71.0,64.0,64.0,71.0,21.0,54.0,65,66,53,67,45,73,48,45,63,70,72,70,76,62,74,64,61,64,53,63,40,20,70,65,60,50,23,12,13,0.0,0.0,0.0,0.0,0.0,0.0,1.0,0.0,0.0,0.0,0.0,0.0,0.0,1.0,0.0,0.0,0.0,68
223,237994,23,156,58,1,3,4,82.0,61.0,63.0,75.0,39.0,43.0,59,60,47,68,51,74,67,45,59,72,89,77,87,59,94,63,72,52,34,66,46,25,61,64,57,69,40,40,51,0.0,1.0,0.0,0.0,0.0,0.0,0.0,0.0,0.0,0.0,1.0,0.0,0.0,0.0,0.0,0.0,0.0,67
224,240027,27,177,65,1,4,3,80.0,67.0,60.0,74.0,20.0,57.0,64,68,36,65,59,75,60,41,50,71,84,77,86,63,82,68,67,84,50,68,36,18,66,58,61,55,21,17,18,0.0,0.0,0.0,0.0,0.0,0.0,1.0,0.0,0.0,0.0,0.0,1.0,0.0,0.0,0.0,0.0,0.0,68
225,245231,22,178,66,1,3,3,75.0,69.0,63.0,68.0,34.0,56.0,64,69,34,66,58,70,30,58,62,68,77,74,70,66,67,70,59,66,50,75,59,45,68,67,55,55,29,32,30,0.0,0.0,0.0,0.0,0.0,0.0,1.0,0.0,1.0,0.0,0.0,0.0,0.0,0.0,0.0,0.0,0.0,68
226,247086,24,182,72,0,3,3,78.0,67.0,66.0,69.0,46.0,67.0,65,65,42,66,62,69,66,63,64,69,79,77,74,64,75,74,48,79,65,68,60,46,67,68,66,67,45,49,45,0.0,0.0,1.0,0.0,0.0,0.0,0.0,0.0,1.0,0.0,0.0,0.0,0.0,0.0,0.0,0.0,0.0,68
227,248811,23,179,74,0,3,3,66.0,58.0,70.0,70.0,46.0,62.0,64,57,47,76,53,72,66,64,70,69,67,65,73,62,69,66,63,61,64,50,58,38,64,69,56,64,41,52,53,0.0,0.0,1.0,0.0,0.0,0.0,0.0,0.0,0.0,0.0,0.0,1.0,0.0,0.0,0.0,0.0,0.0,66
228,253302,28,184,80,1,4,2,47.0,65.0,67.0,72.0,45.0,69.0,58,65,67,69,72,73,56,59,76,73,51,44,58,71,76,70,69,55,78,56,63,41,68,70,66,78,38,52,27,0.0,0.0,0.0,0.0,0.0,1.0,0.0,0.0,0.0,0.0,0.0,0.0,0.0,0.0,1.0,0.0,0.0,67
229,254023,22,168,68,1,3,3,78.0,65.0,63.0,67.0,52.0,65.0,57,67,56,67,59,67,61,54,61,65,78,78,71,70,70,70,66,72,65,58,57,51,69,67,51,63,44,57,56,0.0,0.0,1.0,0.0,0.0,0.0,0.0,0.0,0.0,0.0,1.0,0.0,0.0,0.0,0.0,0.0,0.0,68
230,254068,23,166,62,1,4,2,77.0,64.0,64.0,67.0,31.0,62.0,64,65,55,66,62,66,58,54,62,66,78,76,70,66,79,66,64,71,59,59,56,37,69,65,58,59,28,25,18,0.0,0.0,1.0,0.0,0.0,0.0,0.0,1.0,0.0,0.0,0.0,0.0,0.0,0.0,0.0,0.0,0.0,67
231,254551,20,178,72,1,3,3,77.0,73.0,61.0,72.0,38.0,65.0,67,74,43,64,68,73,63,70,53,68,79,75,81,69,76,73,73,71,67,72,48,25,68,52,72,74,45,36,48,0.0,0.0,0.0,0.0,0.0,0.0,1.0,0.0,0.0,0.0,0.0,1.0,0.0,0.0,0.0,0.0,0.0,69
232,255109,23,174,67,1,4,4,75.0,65.0,66.0,73.0,49.0,66.0,65,64,55,68,60,75,72,63,62,71,78,73,84,60,77,68,67,73,64,68,64,56,62,66,62,57,38,54,47,0.0,0.0,1.0,0.0,0.0,0.0,0.0,0.0,0.0,0.0,0.0,1.0,0.0,0.0,0.0,0.0,0.0,68
233,255319,26,177,73,1,3,2,73.0,68.0,58.0,67.0,36.0,65.0,47,69,67,62,59,67,73,63,53,66,72,73,71,65,69,71,73,51,74,65,59,29,65,59,67,57,33,37,27,0.0,0.0,1.0,0.0,0.0,0.0,0.0,0.0,0.0,0.0,0.0,1.0,0.0,0.0,0.0,0.0,0.0,66
234,256370,27,182,75,1,4,3,86.0,63.0,59.0,66.0,30.0,79.0,56,65,61,65,58,65,59,38,45,62,84,88,74,69,71,61,76,90,75,59,75,33,71,68,56,65,28,24,19,1.0,0.0,0.0,0.0,0.0,0.0,0.0,0.0,0.0,0.0,0.0,1.0,0.0,0.0,0.0,0.0,0.0,68
235,258958,28,183,75,1,3,2,67.0,69.0,53.0,67.0,21.0,63.0,46,70,67,61,67,68,63,56,41,68,66,68,63,66,61,70,65,62,70,65,46,16,71,51,75,73,15,18,16,0.0,0.0,0.0,0.0,0.0,0.0,1.0,0.0,0.0,0.0,0.0,1.0,0.0,0.0,0.0,0.0,0.0,66
236,260843,20,176,68,1,4,3,81.0,64.0,65.0,74.0,27.0,57.0,64,65,52,66,58,75,66,52,62,70,85,78,84,61,86,70,72,69,51,63,52,28,64,67,50,61,18,27,22,0.0,0.0,1.0,0.0,0.0,0.0,0.0,0.0,1.0,0.0,0.0,0.0,0.0,0.0,0.0,0.0,0.0,68
237,263929,18,182,78,0,3,3,82.0,61.0,62.0,72.0,31.0,60.0,65,60,48,63,61,73,69,63,57,72,83,82,81,64,74,66,49,62,64,61,49,27,61,59,56,57,21,37,36,0.0,0.0,1.0,0.0,0.0,0.0,0.0,0.0,0.0,0.0,0.0,1.0,0.0,0.0,0.0,0.0,0.0,67
238,176599,37,180,82,0,3,3,49.0,70.0,64.0,67.0,43.0,58.0,59,73,68,67,70,61,73,76,50,74,63,37,68,65,69,69,55,31,73,62,57,58,70,69,74,76,43,29,28,0.0,0.0,0.0,0.0,0.0,1.0,0.0,0.0,0.0,0.0,0.0,0.0,0.0,0.0,1.0,0.0,0.0,66
239,178089,33,174,72,1,4,3,83.0,69.0,57.0,67.0,42.0,70.0,57,68,53,59,60,65,56,59,52,66,83,83,78,66,78,73,58,71,70,68,73,48,70,59,66,60,42,37,31,0.0,1.0,0.0,0.0,0.0,0.0,0.0,0.0,0.0,0.0,0.0,1.0,0.0,0.0,0.0,0.0,0.0,67
240,192110,26,175,73,1,4,3,73.0,61.0,62.0,69.0,42.0,61.0,66,61,65,66,55,66,64,44,56,68,72,74,86,64,71,73,69,75,60,52,44,40,67,59,54,63,48,34,30,0.0,0.0,0.0,0.0,1.0,0.0,0.0,0.0,1.0,0.0,0.0,0.0,0.0,0.0,0.0,0.0,0.0,66
241,204682,29,180,77,1,4,3,60.0,66.0,54.0,65.0,32.0,77.0,58,66,69,64,68,63,41,34,40,65,68,53,66,71,66,67,81,81,75,64,75,25,71,51,72,68,41,19,18,0.0,0.0,1.0,0.0,0.0,0.0,0.0,0.0,0.0,0.0,0.0,1.0,0.0,0.0,0.0,0.0,0.0,65
242,208523,28,183,70,1,4,3,79.0,63.0,66.0,73.0,26.0,60.0,67,58,42,67,68,74,74,62,67,75,80,78,76,55,72,68,63,64,66,70,39,20,59,59,62,59,37,16,14,0.0,0.0,0.0,0.0,0.0,0.0,1.0,0.0,1.0,0.0,0.0,0.0,0.0,0.0,0.0,0.0,0.0,66
243,210801,30,174,70,1,3,3,85.0,66.0,61.0,70.0,44.0,60.0,62,64,45,64,62,70,70,67,43,67,86,84,82,61,74,75,56,60,61,63,59,47,62,63,64,61,36,50,46,0.0,0.0,0.0,0.0,0.0,1.0,0.0,0.0,0.0,0.0,0.0,1.0,0.0,0.0,0.0,0.0,0.0,67
244,213338,29,182,74,0,3,3,71.0,64.0,66.0,70.0,47.0,67.0,68,64,50,66,54,70,73,56,62,69,74,69,77,67,67,66,71,76,67,68,56,45,63,69,55,68,40,55,45,0.0,0.0,0.0,0.0,0.0,0.0,1.0,0.0,0.0,0.0,0.0,1.0,0.0,0.0,0.0,0.0,0.0,67
245,217802,27,183,69,1,4,4,73.0,63.0,63.0,70.0,36.0,65.0,65,59,67,64,67,70,75,43,55,70,72,73,75,62,71,72,69,65,65,62,65,37,68,65,52,70,22,39,31,0.0,1.0,0.0,0.0,0.0,0.0,0.0,0.0,1.0,0.0,0.0,0.0,0.0,0.0,0.0,0.0,0.0,67
246,223746,31,178,73,0,3,3,72.0,65.0,65.0,68.0,30.0,59.0,64,69,58,67,49,68,57,61,61,67,69,74,76,60,76,65,67,49,62,62,61,13,67,69,62,61,45,21,18,0.0,0.0,0.0,0.0,0.0,1.0,0.0,0.0,0.0,0.0,0.0,1.0,0.0,0.0,0.0,0.0,0.0,67
247,230557,24,184,74,1,3,3,77.0,67.0,58.0,69.0,36.0,63.0,61,67,56,61,58,71,71,51,48,67,78,77,76,62,70,75,60,60,65,66,60,24,65,58,52,64,43,35,26,0.0,0.0,1.0,0.0,0.0,0.0,0.0,0.0,1.0,0.0,0.0,0.0,0.0,0.0,0.0,0.0,0.0,67
248,232489,29,168,64,1,2,3,73.0,67.0,66.0,69.0,56.0,50.0,71,64,49,70,58,68,57,55,60,68,75,72,79,62,84,75,74,34,50,69,62,63,64,64,61,65,45,63,61,0.0,0.0,0.0,0.0,0.0,0.0,1.0,0.0,0.0,0.0,1.0,0.0,0.0,0.0,0.0,0.0,0.0,67
249,232635,23,181,77,1,3,2,74.0,65.0,52.0,64.0,32.0,73.0,42,68,65,61,63,69,59,41,45,68,71,76,39,62,60,65,74,68,76,58,69,32,67,54,60,57,25,29,25,0.0,0.0,0.0,0.0,0.0,0.0,1.0,0.0,0.0,0.0,0.0,1.0,0.0,0.0,0.0,0.0,0.0,66
250,232803,26,175,66,0,3,3,74.0,66.0,64.0,66.0,17.0,62.0,60,65,52,67,62,66,59,54,61,64,76,73,68,63,72,69,80,71,59,67,54,11,70,67,61,62,12,16,14,0.0,0.0,0.0,0.0,0.0,0.0,1.0,0.0,1.0,0.0,0.0,0.0,0.0,0.0,0.0,0.0,0.0,67
251,235022,23,184,84,1,3,3,57.0,65.0,70.0,69.0,44.0,63.0,73,56,45,69,55,71,68,71,71,70,65,51,59,66,71,82,51,60,73,74,47,32,59,68,59,64,51,42,52,0.0,0.0,0.0,1.0,0.0,0.0,0.0,0.0,0.0,0.0,0.0,1.0,0.0,0.0,0.0,0.0,0.0,66
252,235242,22,193,79,1,3,2,61.0,68.0,65.0,66.0,55.0,68.0,57,69,66,68,68,66,67,62,67,68,57,65,62,66,59,72,60,72,68,67,65,62,71,64,52,68,42,59,52,0.0,0.0,0.0,0.0,1.0,0.0,0.0,0.0,0.0,1.0,0.0,0.0,0.0,0.0,0.0,0.0,0.0,67
253,236167,21,172,70,0,4,3,65.0,56.0,70.0,71.0,40.0,55.0,74,52,50,71,50,72,76,70,64,66,67,64,72,71,81,58,64,60,58,60,40,58,68,66,68,72,30,37,36,0.0,0.0,0.0,0.0,0.0,1.0,0.0,0.0,0.0,0.0,0.0,1.0,0.0,0.0,0.0,0.0,0.0,65
254,237452,27,171,67,1,3,2,69.0,59.0,64.0,67.0,55.0,65.0,53,53,39,72,49,64,52,55,63,69,70,69,70,65,77,68,70,83,60,63,54,66,64,68,64,63,56,53,48,0.0,0.0,0.0,0.0,0.0,0.0,1.0,0.0,0.0,0.0,0.0,1.0,0.0,0.0,0.0,0.0,0.0,65
255,238830,27,185,78,1,3,3,61.0,65.0,59.0,63.0,21.0,67.0,57,66,69,66,64,64,45,27,66,66,62,61,59,65,43,72,64,57,78,59,54,14,67,53,56,66,24,10,15,0.0,0.0,0.0,0.0,0.0,0.0,1.0,0.0,0.0,0.0,0.0,0.0,1.0,0.0,0.0,0.0,0.0,64
256,239709,23,173,74,1,3,2,77.0,63.0,62.0,66.0,24.0,60.0,64,65,59,63,56,66,51,57,58,64,79,75,73,63,79,70,72,69,65,57,33,25,64,66,54,57,16,22,18,0.0,0.0,0.0,0.0,0.0,0.0,1.0,0.0,0.0,0.0,0.0,1.0,0.0,0.0,0.0,0.0,0.0,66
257,241994,26,171,64,1,3,3,81.0,66.0,56.0,68.0,21.0,60.0,45,66,67,66,66,64,67,69,38,66,85,78,89,67,79,67,85,75,53,66,52,16,69,59,56,70,19,13,19,0.0,0.0,0.0,0.0,0.0,1.0,0.0,0.0,1.0,0.0,0.0,0.0,0.0,0.0,0.0,0.0,0.0,67
258,242284,23,176,69,1,3,3,85.0,65.0,55.0,70.0,23.0,60.0,53,66,62,61,66,68,56,46,49,70,83,86,82,63,73,67,81,62,61,61,52,18,63,52,62,60,15,23,21,0.0,0.0,0.0,0.0,0.0,0.0,1.0,0.0,0.0,0.0,0.0,1.0,0.0,0.0,0.0,0.0,0.0,66
259,243968,27,177,69,1,3,3,73.0,68.0,62.0,73.0,34.0,56.0,56,69,52,66,59,76,62,64,64,71,79,68,80,60,74,70,73,59,58,67,42,27,62,57,62,59,30,38,29,0.0,0.0,1.0,0.0,0.0,0.0,0.0,0.0,0.0,0.0,0.0,1.0,0.0,0.0,0.0,0.0,0.0,67
260,247315,29,172,69,1,4,3,82.0,61.0,63.0,65.0,49.0,66.0,65,62,37,67,58,65,65,60,57,63,84,80,71,63,74,63,73,72,64,60,60,51,64,61,53,62,51,51,46,1.0,0.0,0.0,0.0,0.0,0.0,0.0,0.0,0.0,0.0,0.0,1.0,0.0,0.0,0.0,0.0,0.0,65
261,251026,29,174,70,1,3,3,69.0,61.0,67.0,65.0,61.0,72.0,67,58,57,67,41,62,69,67,67,66,67,70,76,66,71,67,78,89,67,65,63,63,63,67,71,58,64,58,59,1.0,0.0,0.0,0.0,0.0,0.0,0.0,0.0,0.0,0.0,0.0,1.0,0.0,0.0,0.0,0.0,0.0,64
262,253755,19,186,70,1,4,5,85.0,52.0,55.0,76.0,21.0,60.0,60,48,41,53,57,78,64,44,43,75,87,84,78,64,70,65,61,58,69,44,38,18,56,61,61,76,20,19,20,0.0,0.0,1.0,0.0,0.0,0.0,0.0,0.0,0.0,1.0,0.0,0.0,0.0,0.0,0.0,0.0,0.0,65
263,253913,32,180,78,1,3,3,63.0,68.0,62.0,64.0,40.0,67.0,63,70,66,61,65,64,65,44,59,62,65,61,63,72,65,70,67,70,70,62,55,33,67,68,68,65,44,33,33,0.0,1.0,0.0,0.0,0.0,0.0,0.0,0.0,0.0,0.0,0.0,1.0,0.0,0.0,0.0,0.0,0.0,66
264,254692,21,182,75,1,3,2,80.0,65.0,51.0,69.0,21.0,51.0,41,68,63,62,46,72,43,37,45,71,82,79,63,61,65,64,63,53,54,65,37,18,63,54,70,57,18,14,17,0.0,1.0,0.0,0.0,0.0,0.0,0.0,0.0,0.0,0.0,0.0,1.0,0.0,0.0,0.0,0.0,0.0,67
265,254881,29,170,64,1,2,3,85.0,62.0,65.0,66.0,44.0,62.0,62,58,63,65,69,63,65,63,65,62,84,85,85,66,81,65,82,69,52,67,73,32,64,66,58,68,30,55,53,0.0,1.0,0.0,0.0,0.0,0.0,0.0,0.0,0.0,0.0,1.0,0.0,0.0,0.0,0.0,0.0,0.0,66
266,254889,30,168,65,1,5,3,73.0,68.0,67.0,68.0,34.0,55.0,66,65,51,68,69,65,72,66,66,67,78,68,82,60,84,68,67,70,54,73,38,36,67,68,67,69,31,31,29,0.0,0.0,1.0,0.0,0.0,0.0,0.0,1.0,0.0,0.0,0.0,0.0,0.0,0.0,0.0,0.0,0.0,67
267,255005,24,173,72,0,3,2,75.0,68.0,62.0,67.0,34.0,72.0,62,70,46,64,57,66,55,54,61,66,78,73,69,64,73,70,66,76,77,68,58,33,69,63,57,66,34,31,34,0.0,0.0,1.0,0.0,0.0,0.0,0.0,0.0,0.0,0.0,0.0,1.0,0.0,0.0,0.0,0.0,0.0,67
268,255526,23,178,68,0,2,2,65.0,67.0,65.0,69.0,54.0,62.0,67,67,52,65,63,71,62,62,62,69,62,67,68,60,68,72,58,70,61,69,57,49,64,67,50,62,52,59,57,0.0,0.0,1.0,0.0,0.0,0.0,0.0,0.0,0.0,0.0,0.0,1.0,0.0,0.0,0.0,0.0,0.0,66
269,263205,21,186,69,1,3,3,77.0,64.0,60.0,68.0,31.0,68.0,64,66,45,65,58,68,62,47,57,69,78,76,70,62,74,67,49,79,73,62,46,21,54,51,58,56,31,33,34,0.0,1.0,0.0,0.0,0.0,0.0,0.0,0.0,0.0,0.0,0.0,0.0,1.0,0.0,0.0,0.0,0.0,64
270,198003,31,180,75,0,4,3,74.0,65.0,56.0,70.0,33.0,59.0,58,70,57,56,59,71,68,62,48,70,73,75,68,67,69,66,70,40,68,60,57,22,59,56,57,62,34,30,32,0.0,0.0,0.0,0.0,0.0,0.0,1.0,0.0,0.0,0.0,0.0,1.0,0.0,0.0,0.0,0.0,0.0,66
271,199861,34,175,60,1,4,3,75.0,62.0,64.0,69.0,54.0,49.0,61,61,58,68,62,66,54,52,61,68,79,71,82,65,82,68,67,68,33,57,61,59,62,68,59,68,49,53,58,0.0,0.0,0.0,0.0,0.0,0.0,1.0,0.0,1.0,0.0,0.0,0.0,0.0,0.0,0.0,0.0,0.0,66
272,202896,31,179,72,1,3,3,81.0,62.0,59.0,70.0,37.0,68.0,57,60,55,64,62,68,49,59,46,69,80,81,83,68,68,65,42,63,71,64,75,39,67,66,60,65,29,41,31,0.0,0.0,1.0,0.0,0.0,0.0,0.0,0.0,0.0,0.0,0.0,1.0,0.0,0.0,0.0,0.0,0.0,66
273,213117,31,178,75,1,4,3,86.0,61.0,60.0,70.0,28.0,64.0,60,65,46,62,56,69,65,49,58,67,87,86,78,67,80,61,71,70,66,55,48,28,64,61,57,66,26,22,29,0.0,1.0,0.0,0.0,0.0,0.0,0.0,0.0,1.0,0.0,0.0,0.0,0.0,0.0,0.0,0.0,0.0,66
274,215755,30,183,83,1,3,3,75.0,67.0,59.0,65.0,27.0,64.0,59,72,57,63,57,65,47,40,53,61,73,77,76,67,70,65,75,76,69,64,35,14,64,63,58,65,44,13,13,0.0,0.0,0.0,0.0,0.0,0.0,1.0,0.0,0.0,0.0,0.0,1.0,0.0,0.0,0.0,0.0,0.0,66
275,222329,24,174,60,1,2,3,88.0,57.0,60.0,66.0,41.0,63.0,59,57,49,64,52,65,56,38,59,63,86,89,82,57,83,60,64,72,60,56,57,41,60,59,50,62,44,38,32,0.0,0.0,1.0,0.0,0.0,0.0,0.0,0.0,1.0,0.0,0.0,0.0,0.0,0.0,0.0,0.0,0.0,63
276,222993,31,177,68,1,3,3,73.0,65.0,61.0,67.0,29.0,61.0,59,64,46,66,61,66,57,30,62,67,72,73,74,65,69,70,71,62,64,65,48,20,67,62,56,63,42,21,18,0.0,0.0,0.0,0.0,0.0,0.0,1.0,0.0,1.0,0.0,0.0,0.0,0.0,0.0,0.0,0.0,0.0,66
277,228325,27,178,74,1,3,3,72.0,65.0,61.0,65.0,54.0,74.0,62,63,55,65,55,65,54,40,57,65,69,75,67,67,70,70,57,87,69,66,73,57,68,64,62,61,51,55,48,1.0,0.0,0.0,0.0,0.0,0.0,0.0,0.0,0.0,0.0,0.0,1.0,0.0,0.0,0.0,0.0,0.0,66
278,230287,29,177,73,1,3,3,67.0,72.0,54.0,65.0,23.0,57.0,60,73,66,51,72,65,54,71,54,63,57,75,68,65,72,78,80,50,64,71,44,21,57,48,54,70,12,23,17,0.0,0.0,0.0,0.0,0.0,0.0,1.0,0.0,0.0,0.0,0.0,1.0,0.0,0.0,0.0,0.0,0.0,63
279,232380,32,170,68,1,3,3,70.0,67.0,65.0,66.0,39.0,69.0,60,65,60,67,59,68,68,57,61,62,74,67,69,61,78,71,79,93,61,67,54,36,67,69,71,50,34,45,23,0.0,0.0,1.0,0.0,0.0,0.0,0.0,1.0,0.0,0.0,0.0,0.0,0.0,0.0,0.0,0.0,0.0,66
280,232382,30,170,64,1,3,4,78.0,65.0,63.0,65.0,33.0,57.0,64,65,49,64,52,64,73,66,59,62,82,74,76,60,81,70,40,74,52,61,51,26,63,58,67,59,43,26,24,0.0,0.0,1.0,0.0,0.0,0.0,0.0,0.0,0.0,0.0,1.0,0.0,0.0,0.0,0.0,0.0,0.0,64
281,232513,29,166,60,1,3,2,71.0,58.0,64.0,67.0,49.0,49.0,67,60,47,69,41,63,59,50,65,65,73,69,90,60,88,60,93,69,35,57,48,40,60,57,49,60,60,45,52,0.0,0.0,0.0,0.0,0.0,0.0,1.0,0.0,0.0,0.0,1.0,0.0,0.0,0.0,0.0,0.0,0.0,62
282,232589,26,174,68,1,3,3,77.0,58.0,67.0,67.0,40.0,56.0,64,59,52,68,47,67,62,67,66,67,73,80,71,61,73,60,61,64,59,57,38,25,70,70,46,60,36,48,43,0.0,0.0,0.0,0.0,1.0,0.0,0.0,0.0,1.0,0.0,0.0,0.0,0.0,0.0,0.0,0.0,0.0,66
283,232619,36,176,65,1,4,3,58.0,65.0,69.0,65.0,48.0,58.0,66,61,59,71,67,63,67,68,69,66,63,54,71,67,72,69,45,68,58,69,48,50,71,68,53,60,52,41,39,0.0,0.0,1.0,0.0,0.0,0.0,0.0,0.0,1.0,0.0,0.0,0.0,0.0,0.0,0.0,0.0,0.0,66
284,233794,24,174,70,0,3,3,62.0,66.0,63.0,71.0,39.0,35.0,64,64,52,65,62,74,69,55,58,72,63,61,67,60,74,69,45,37,32,70,39,18,62,65,60,56,56,32,34,0.0,1.0,0.0,0.0,0.0,0.0,0.0,0.0,1.0,0.0,0.0,0.0,0.0,0.0,0.0,0.0,0.0,66
285,235236,29,186,84,1,3,4,71.0,65.0,62.0,71.0,38.0,70.0,53,65,57,67,60,73,61,50,56,70,69,73,70,62,63,69,66,72,74,61,58,41,66,68,64,69,36,35,26,0.0,0.0,0.0,0.0,0.0,0.0,1.0,0.0,0.0,0.0,0.0,0.0,1.0,0.0,0.0,0.0,0.0,66
286,235419,26,171,70,1,4,3,79.0,63.0,60.0,72.0,34.0,57.0,61,63,55,63,58,71,71,70,53,68,82,76,91,63,90,66,60,74,51,63,50,25,65,54,53,61,35,32,30,0.0,0.0,0.0,0.0,0.0,0.0,1.0,0.0,0.0,0.0,0.0,0.0,0.0,0.0,1.0,0.0,0.0,66
287,237747,28,180,72,1,3,3,66.0,64.0,65.0,69.0,55.0,70.0,63,66,52,68,57,69,63,61,64,71,62,69,69,63,64,62,62,81,70,63,60,57,61,62,58,64,51,59,54,0.0,0.0,0.0,0.0,0.0,0.0,1.0,0.0,0.0,0.0,0.0,1.0,0.0,0.0,0.0,0.0,0.0,65
288,237769,24,180,74,1,4,3,79.0,64.0,49.0,70.0,35.0,60.0,27,64,62,60,65,69,64,41,50,71,78,80,78,65,69,63,64,54,64,61,54,24,68,51,67,61,38,32,34,0.0,1.0,0.0,0.0,0.0,0.0,0.0,0.0,0.0,0.0,0.0,1.0,0.0,0.0,0.0,0.0,0.0,66
289,245736,23,167,65,0,4,3,92.0,60.0,57.0,72.0,34.0,55.0,58,61,42,60,56,72,44,41,53,68,91,92,85,63,85,65,43,67,56,55,42,26,63,60,50,61,43,30,23,0.0,0.0,0.0,0.0,0.0,0.0,1.0,0.0,0.0,0.0,1.0,0.0,0.0,0.0,0.0,0.0,0.0,66
290,247378,31,166,55,1,3,3,90.0,58.0,63.0,67.0,40.0,47.0,54,63,58,67,48,63,69,53,60,65,93,87,90,63,91,52,90,85,30,53,29,56,68,67,51,58,48,23,19,0.0,0.0,1.0,0.0,0.0,0.0,0.0,1.0,0.0,0.0,0.0,0.0,0.0,0.0,0.0,0.0,0.0,66
291,255586,23,170,65,1,4,2,84.0,61.0,60.0,68.0,58.0,63.0,57,62,45,63,58,68,62,61,59,65,81,86,79,53,80,58,72,71,55,63,72,60,63,60,60,64,56,63,59,0.0,0.0,1.0,0.0,0.0,0.0,0.0,1.0,0.0,0.0,0.0,0.0,0.0,0.0,0.0,0.0,0.0,64
292,255773,25,177,66,1,2,2,54.0,67.0,52.0,63.0,25.0,59.0,37,70,72,65,60,65,42,34,38,61,55,53,55,68,69,62,70,53,71,64,32,21,72,60,67,52,21,17,18,0.0,1.0,0.0,0.0,0.0,0.0,0.0,0.0,0.0,0.0,0.0,1.0,0.0,0.0,0.0,0.0,0.0,65
293,263669,19,185,70,1,3,3,80.0,65.0,56.0,71.0,20.0,50.0,53,67,56,60,60,75,60,34,48,69,77,82,60,66,72,66,55,65,50,63,32,11,55,60,68,63,17,18,20,0.0,0.0,1.0,0.0,0.0,0.0,0.0,0.0,0.0,1.0,0.0,0.0,0.0,0.0,0.0,0.0,0.0,66
294,172619,35,183,84,0,3,2,52.0,69.0,55.0,61.0,32.0,68.0,50,75,64,56,48,61,49,47,58,62,51,52,62,62,53,70,73,77,72,60,44,35,70,58,75,63,27,27,25,0.0,0.0,0.0,0.0,0.0,0.0,1.0,0.0,0.0,0.0,0.0,1.0,0.0,0.0,0.0,0.0,0.0,63
295,192165,35,174,75,1,4,4,67.0,69.0,61.0,68.0,24.0,70.0,57,68,41,63,68,67,69,67,52,68,71,63,70,65,83,70,79,62,73,70,72,18,69,67,68,70,38,12,17,0.0,0.0,0.0,0.0,0.0,0.0,1.0,0.0,0.0,0.0,0.0,0.0,0.0,0.0,1.0,0.0,0.0,65
296,194363,30,168,64,1,3,3,77.0,60.0,61.0,69.0,62.0,66.0,52,61,58,65,57,67,62,66,61,67,83,72,80,59,84,63,71,82,58,58,63,65,69,61,42,64,61,63,58,0.0,0.0,1.0,0.0,0.0,0.0,0.0,0.0,0.0,0.0,1.0,0.0,0.0,0.0,0.0,0.0,0.0,65
297,230607,26,178,72,1,4,2,73.0,59.0,60.0,66.0,51.0,74.0,53,62,56,67,52,66,50,40,62,65,73,73,74,59,79,62,89,81,71,54,68,55,60,59,52,53,53,48,44,1.0,0.0,0.0,0.0,0.0,0.0,0.0,0.0,0.0,0.0,0.0,1.0,0.0,0.0,0.0,0.0,0.0,63
298,232379,36,173,64,1,3,3,52.0,68.0,58.0,65.0,31.0,53.0,37,68,63,67,69,63,54,55,65,68,65,41,70,63,76,69,72,65,47,66,50,32,73,62,67,47,26,26,29,0.0,1.0,0.0,0.0,0.0,0.0,0.0,0.0,0.0,0.0,0.0,1.0,0.0,0.0,0.0,0.0,0.0,65
299,232741,32,167,64,1,3,3,68.0,60.0,62.0,68.0,36.0,52.0,62,62,40,65,56,67,60,49,58,66,65,70,79,63,86,62,90,56,50,59,41,23,66,64,40,60,41,40,35,0.0,0.0,0.0,0.0,0.0,0.0,1.0,0.0,0.0,0.0,1.0,0.0,0.0,0.0,0.0,0.0,0.0,64
300,243364,28,176,70,1,3,3,70.0,64.0,58.0,67.0,32.0,64.0,54,65,64,67,68,68,65,54,44,64,64,74,75,65,69,64,67,74,67,60,43,22,69,54,63,59,43,21,16,0.0,0.0,1.0,0.0,0.0,0.0,0.0,0.0,1.0,0.0,0.0,0.0,0.0,0.0,0.0,0.0,0.0,65
301,247268,20,180,69,0,2,2,67.0,61.0,64.0,65.0,62.0,66.0,63,62,58,65,48,66,62,56,61,67,65,69,62,58,66,59,53,65,70,63,61,61,65,67,56,50,62,64,60,0.0,0.0,0.0,0.0,0.0,0.0,1.0,0.0,1.0,0.0,0.0,0.0,0.0,0.0,0.0,0.0,0.0,64
302,251356,24,189,82,1,4,3,79.0,60.0,58.0,65.0,38.0,66.0,55,60,64,62,55,64,48,50,54,64,78,80,74,58,72,62,60,67,71,58,56,35,65,60,56,64,35,35,35,0.0,0.0,1.0,0.0,0.0,0.0,0.0,0.0,0.0,0.0,0.0,0.0,1.0,0.0,0.0,0.0,0.0,64
303,253407,19,180,75,1,4,2,69.0,65.0,58.0,66.0,33.0,56.0,52,69,56,62,57,65,69,73,46,69,70,69,65,61,58,63,62,65,59,63,38,28,62,60,65,62,37,29,24,0.0,0.0,1.0,0.0,0.0,0.0,0.0,0.0,1.0,0.0,0.0,0.0,0.0,0.0,0.0,0.0,0.0,65
304,255140,20,170,65,1,4,4,63.0,66.0,64.0,65.0,49.0,54.0,53,70,61,67,53,67,63,61,66,65,64,62,67,49,78,65,61,55,52,65,54,52,64,70,55,52,50,43,44,0.0,0.0,1.0,0.0,0.0,0.0,0.0,0.0,0.0,0.0,1.0,0.0,0.0,0.0,0.0,0.0,0.0,65
305,257431,22,167,67,1,3,2,71.0,64.0,58.0,70.0,24.0,52.0,53,65,46,61,59,68,57,56,56,70,72,70,79,62,84,64,74,69,47,63,38,18,65,62,60,60,15,28,25,0.0,0.0,1.0,0.0,0.0,0.0,0.0,0.0,0.0,0.0,1.0,0.0,0.0,0.0,0.0,0.0,0.0,65
306,258121,19,163,68,0,2,4,79.0,58.0,59.0,75.0,22.0,60.0,52,57,29,64,51,75,64,51,49,73,85,74,91,54,93,61,43,74,64,64,36,18,53,65,45,58,16,27,24,0.0,0.0,0.0,0.0,0.0,0.0,1.0,0.0,0.0,0.0,0.0,0.0,0.0,1.0,0.0,0.0,0.0,65
307,258692,24,172,68,0,4,3,84.0,61.0,56.0,71.0,29.0,54.0,53,67,38,62,52,71,59,43,47,66,86,82,83,60,91,59,57,66,53,51,40,31,64,58,54,61,30,26,22,0.0,0.0,0.0,0.0,0.0,0.0,1.0,0.0,1.0,0.0,0.0,0.0,0.0,0.0,0.0,0.0,0.0,65
308,260184,21,168,64,1,4,3,69.0,63.0,65.0,67.0,45.0,52.0,63,65,53,67,60,67,57,61,63,66,70,69,66,56,85,65,55,66,44,59,55,38,67,66,58,62,41,49,48,0.0,1.0,0.0,0.0,0.0,0.0,0.0,0.0,0.0,0.0,1.0,0.0,0.0,0.0,0.0,0.0,0.0,65
309,262333,20,175,72,0,2,2,67.0,66.0,55.0,71.0,22.0,60.0,50,66,58,60,60,76,68,47,42,70,69,65,66,57,71,70,59,67,60,64,51,12,60,62,70,63,18,20,19,0.0,1.0,0.0,0.0,0.0,0.0,0.0,0.0,1.0,0.0,0.0,0.0,0.0,0.0,0.0,0.0,0.0,66
310,263791,20,181,83,1,3,2,56.0,66.0,54.0,63.0,22.0,61.0,38,70,70,64,55,66,47,39,59,64,57,56,55,59,61,64,74,62,70,63,36,12,64,52,68,54,13,22,20,0.0,1.0,0.0,0.0,0.0,0.0,0.0,0.0,0.0,0.0,0.0,1.0,0.0,0.0,0.0,0.0,0.0,63
311,122040,38,178,82,0,4,3,54.0,62.0,53.0,67.0,32.0,59.0,50,67,62,57,67,66,69,59,37,65,55,54,75,65,78,68,34,49,67,43,58,39,70,55,65,70,32,20,20,0.0,0.0,0.0,0.0,0.0,1.0,0.0,0.0,0.0,0.0,0.0,1.0,0.0,0.0,0.0,0.0,0.0,63
312,186331,32,174,64,0,3,4,82.0,61.0,64.0,68.0,41.0,49.0,62,59,61,66,54,64,63,66,63,65,82,82,91,57,85,64,84,68,34,64,54,50,60,62,61,66,33,39,29,0.0,0.0,0.0,0.0,0.0,0.0,1.0,0.0,1.0,0.0,0.0,0.0,0.0,0.0,0.0,0.0,0.0,64
313,194248,39,173,72,1,3,3,32.0,59.0,67.0,65.0,47.0,60.0,66,59,46,68,45,66,62,69,64,66,32,32,62,64,71,59,30,60,64,64,55,42,65,68,49,58,47,51,46,0.0,0.0,0.0,0.0,0.0,0.0,1.0,0.0,0.0,0.0,0.0,1.0,0.0,0.0,0.0,0.0,0.0,61
314,194617,32,180,70,1,3,3,82.0,60.0,61.0,68.0,29.0,56.0,55,53,30,65,58,68,66,70,59,69,80,83,74,58,66,71,47,60,58,64,49,22,61,58,60,55,50,17,16,0.0,0.0,0.0,0.0,0.0,0.0,1.0,0.0,1.0,0.0,0.0,0.0,0.0,0.0,0.0,0.0,0.0,64
315,207904,29,174,63,1,4,3,84.0,62.0,59.0,64.0,27.0,48.0,61,61,58,62,57,61,60,33,57,61,82,86,87,54,83,65,83,63,43,62,33,25,59,61,64,63,29,18,16,0.0,0.0,1.0,0.0,0.0,0.0,0.0,0.0,1.0,0.0,0.0,0.0,0.0,0.0,0.0,0.0,0.0,63
316,207905,29,176,68,1,3,3,83.0,61.0,59.0,66.0,44.0,56.0,57,60,55,60,59,61,60,61,59,63,84,82,91,58,82,64,90,53,55,62,56,53,62,60,53,62,42,38,34,0.0,0.0,1.0,0.0,0.0,0.0,0.0,0.0,1.0,0.0,0.0,0.0,0.0,0.0,0.0,0.0,0.0,63
317,229225,25,193,88,0,2,3,85.0,61.0,47.0,61.0,25.0,70.0,35,63,61,58,52,60,44,28,45,61,82,87,70,56,73,67,71,77,81,54,34,19,62,48,60,54,28,15,20,0.0,0.0,0.0,0.0,0.0,0.0,1.0,0.0,0.0,0.0,0.0,0.0,1.0,0.0,0.0,0.0,0.0,62
318,232916,28,170,65,1,4,3,72.0,62.0,60.0,64.0,46.0,59.0,59,62,45,61,59,63,62,64,58,62,73,71,77,59,80,65,66,73,56,61,48,49,61,57,59,56,47,44,46,0.0,0.0,0.0,0.0,0.0,0.0,1.0,1.0,0.0,0.0,0.0,0.0,0.0,0.0,0.0,0.0,0.0,62
319,232922,27,176,68,1,3,2,78.0,64.0,58.0,63.0,46.0,64.0,61,63,43,62,41,65,68,35,51,63,74,81,63,55,70,71,70,67,63,69,59,53,62,57,40,54,51,37,45,0.0,0.0,0.0,0.0,0.0,0.0,1.0,0.0,1.0,0.0,0.0,0.0,0.0,0.0,0.0,0.0,0.0,64
320,240673,22,180,73,1,3,3,78.0,63.0,53.0,66.0,29.0,62.0,59,66,57,57,54,66,36,31,55,65,80,77,77,54,70,63,70,69,60,59,58,27,62,48,58,49,22,29,27,0.0,1.0,0.0,0.0,0.0,0.0,0.0,0.0,0.0,0.0,0.0,1.0,0.0,0.0,0.0,0.0,0.0,63
321,242012,26,182,75,0,2,3,83.0,62.0,51.0,59.0,36.0,67.0,57,62,62,57,57,59,26,22,52,57,80,86,67,62,60,67,83,53,75,58,58,29,65,45,56,57,24,44,33,0.0,1.0,0.0,0.0,0.0,0.0,0.0,0.0,0.0,0.0,0.0,1.0,0.0,0.0,0.0,0.0,0.0,62
322,242365,21,176,75,1,3,3,72.0,60.0,61.0,63.0,41.0,56.0,57,59,53,63,57,61,62,62,59,63,74,71,74,59,74,63,48,64,56,58,48,36,63,64,65,61,44,40,37,0.0,0.0,1.0,0.0,0.0,0.0,0.0,0.0,0.0,0.0,0.0,1.0,0.0,0.0,0.0,0.0,0.0,63
323,243360,21,180,80,1,4,3,72.0,69.0,56.0,65.0,37.0,79.0,59,65,46,61,62,64,35,46,43,62,71,73,70,62,82,77,81,77,78,70,81,37,63,61,73,60,42,37,16,1.0,0.0,0.0,0.0,0.0,0.0,0.0,0.0,0.0,0.0,0.0,0.0,0.0,0.0,1.0,0.0,0.0,64
324,245639,21,180,75,1,3,3,70.0,59.0,60.0,67.0,25.0,49.0,50,60,50,67,57,70,54,40,58,66,70,70,71,55,65,65,51,63,47,50,35,15,65,66,60,55,30,20,15,0.0,0.0,1.0,0.0,0.0,0.0,0.0,0.0,1.0,0.0,0.0,0.0,0.0,0.0,0.0,0.0,0.0,64
325,246297,21,188,81,0,3,4,66.0,57.0,59.0,66.0,47.0,68.0,48,57,61,65,50,70,45,47,59,68,67,65,58,63,41,65,66,63,72,53,64,30,55,68,41,65,44,56,47,0.0,0.0,0.0,0.0,0.0,1.0,0.0,0.0,0.0,0.0,0.0,0.0,1.0,0.0,0.0,0.0,0.0,64
326,246595,29,175,70,1,4,3,78.0,59.0,57.0,63.0,40.0,63.0,46,61,65,61,55,63,66,48,54,60,81,76,67,68,70,57,73,50,71,57,55,33,68,64,57,63,36,43,35,0.0,1.0,0.0,0.0,0.0,0.0,0.0,0.0,0.0,0.0,0.0,1.0,0.0,0.0,0.0,0.0,0.0,64
327,247143,26,187,79,1,3,2,61.0,64.0,52.0,57.0,32.0,63.0,43,70,79,55,49,56,52,57,51,63,54,66,51,49,52,67,78,54,65,51,63,34,68,55,57,50,32,18,26,0.0,0.0,1.0,0.0,0.0,0.0,0.0,0.0,0.0,1.0,0.0,0.0,0.0,0.0,0.0,0.0,0.0,61
328,248147,20,184,74,1,3,3,71.0,58.0,62.0,66.0,35.0,63.0,54,59,44,66,49,63,58,47,63,66,73,70,76,61,70,59,64,73,63,56,52,30,61,65,52,64,37,32,37,0.0,0.0,0.0,0.0,0.0,1.0,0.0,0.0,1.0,0.0,0.0,0.0,0.0,0.0,0.0,0.0,0.0,63
329,252247,24,180,76,1,3,3,74.0,65.0,44.0,63.0,26.0,55.0,24,71,58,55,45,64,41,31,33,64,75,73,55,56,61,61,66,61,57,58,39,22,68,57,70,70,26,18,21,0.0,0.0,0.0,0.0,0.0,0.0,1.0,0.0,0.0,0.0,0.0,1.0,0.0,0.0,0.0,0.0,0.0,64
330,252775,24,178,73,1,3,3,67.0,64.0,52.0,63.0,29.0,68.0,45,64,61,60,59,63,58,43,49,61,68,67,66,62,68,65,69,71,71,61,57,23,65,47,66,58,19,35,25,0.0,0.0,0.0,0.0,0.0,0.0,1.0,0.0,0.0,0.0,0.0,1.0,0.0,0.0,0.0,0.0,0.0,62
331,256065,21,188,88,1,3,2,81.0,64.0,49.0,60.0,28.0,71.0,40,65,64,57,61,58,47,41,39,60,81,81,69,58,51,66,71,69,80,60,50,21,61,56,60,62,23,27,21,0.0,0.0,0.0,0.0,0.0,0.0,1.0,0.0,0.0,0.0,0.0,0.0,1.0,0.0,0.0,0.0,0.0,62
332,258316,19,188,76,1,3,2,76.0,66.0,56.0,63.0,28.0,53.0,50,70,64,59,61,61,64,58,51,64,72,80,68,62,68,63,60,60,56,63,36,24,64,60,66,65,26,22,19,0.0,0.0,0.0,0.0,0.0,0.0,1.0,0.0,0.0,1.0,0.0,0.0,0.0,0.0,0.0,0.0,0.0,64
333,260286,25,171,68,1,3,2,75.0,62.0,61.0,65.0,48.0,66.0,50,63,48,65,72,65,60,63,60,63,80,71,72,67,77,62,52,68,65,59,67,46,62,63,62,57,44,53,48,0.0,0.0,1.0,0.0,0.0,0.0,0.0,0.0,1.0,0.0,0.0,0.0,0.0,0.0,0.0,0.0,0.0,64
334,260582,23,185,79,0,3,3,72.0,64.0,56.0,65.0,21.0,70.0,53,62,63,61,57,67,56,60,48,69,69,74,62,48,50,71,67,56,80,63,62,16,58,57,62,63,15,19,15,0.0,0.0,0.0,0.0,0.0,0.0,1.0,0.0,0.0,0.0,0.0,0.0,1.0,0.0,0.0,0.0,0.0,63
335,261195,20,180,75,1,3,3,80.0,66.0,55.0,64.0,20.0,55.0,58,64,48,60,55,64,60,53,34,63,82,79,74,57,71,71,59,62,59,73,33,14,58,57,61,58,17,17,17,1.0,0.0,0.0,0.0,0.0,0.0,0.0,0.0,1.0,0.0,0.0,0.0,0.0,0.0,0.0,0.0,0.0,64
336,29552,43,178,71,0,3,3,31.0,67.0,74.0,62.0,36.0,48.0,77,60,28,70,75,60,87,90,72,67,32,31,52,53,67,72,33,32,64,70,30,33,68,70,81,78,40,38,34,0.0,1.0,0.0,0.0,0.0,0.0,0.0,0.0,1.0,0.0,0.0,0.0,0.0,0.0,0.0,0.0,0.0,61
337,200086,31,181,68,1,3,3,71.0,61.0,60.0,63.0,44.0,69.0,56,63,65,63,64,61,49,57,60,58,67,75,78,62,76,63,79,77,71,56,50,49,62,63,55,63,38,44,33,0.0,0.0,0.0,0.0,0.0,1.0,0.0,0.0,1.0,0.0,0.0,0.0,0.0,0.0,0.0,0.0,0.0,62
338,202341,28,171,63,1,3,2,68.0,59.0,61.0,66.0,36.0,59.0,50,59,44,67,51,68,60,59,60,64,67,69,69,67,70,50,67,67,62,68,41,43,65,64,52,43,30,40,21,0.0,0.0,0.0,0.0,0.0,0.0,1.0,0.0,0.0,0.0,0.0,1.0,0.0,0.0,0.0,0.0,0.0,63
339,232375,34,169,67,1,4,3,49.0,65.0,63.0,67.0,41.0,60.0,58,62,47,65,66,66,64,64,63,68,61,40,66,61,80,68,48,75,61,70,41,37,63,66,69,64,43,41,39,0.0,0.0,0.0,0.0,0.0,0.0,1.0,0.0,0.0,0.0,1.0,0.0,0.0,0.0,0.0,0.0,0.0,63
340,232885,25,162,62,1,3,2,76.0,58.0,58.0,68.0,37.0,47.0,47,59,38,63,42,65,54,48,55,65,72,79,87,60,92,57,94,60,37,61,46,36,61,64,54,60,38,36,37,0.0,0.0,1.0,0.0,0.0,0.0,0.0,0.0,0.0,0.0,1.0,0.0,0.0,0.0,0.0,0.0,0.0,63
341,233175,24,174,67,1,4,3,81.0,52.0,67.0,70.0,57.0,54.0,62,49,37,69,57,71,63,62,68,72,77,85,70,51,73,55,47,43,62,54,47,49,45,68,58,68,59,65,66,0.0,0.0,0.0,0.0,0.0,1.0,0.0,0.0,1.0,0.0,0.0,0.0,0.0,0.0,0.0,0.0,0.0,62
342,235056,24,180,76,1,4,3,72.0,62.0,58.0,69.0,25.0,58.0,64,62,59,58,63,71,71,65,44,63,71,73,76,61,79,66,74,72,56,62,39,19,58,57,53,64,28,17,22,0.0,0.0,0.0,0.0,0.0,0.0,1.0,0.0,1.0,0.0,0.0,0.0,0.0,0.0,0.0,0.0,0.0,63
343,238767,21,172,68,0,3,2,74.0,61.0,58.0,67.0,50.0,56.0,47,60,44,63,58,66,55,55,59,68,74,74,76,50,78,73,61,60,56,55,48,46,62,60,44,55,55,50,52,0.0,0.0,1.0,0.0,0.0,0.0,0.0,0.0,1.0,0.0,0.0,0.0,0.0,0.0,0.0,0.0,0.0,63
344,240329,22,175,72,1,3,3,73.0,60.0,57.0,71.0,31.0,55.0,56,62,43,59,44,70,65,57,52,69,77,69,87,57,86,64,49,65,57,61,41,27,52,58,48,56,37,25,25,0.0,0.0,0.0,0.0,0.0,1.0,0.0,0.0,0.0,0.0,0.0,1.0,0.0,0.0,0.0,0.0,0.0,63
345,242433,21,190,78,0,2,2,69.0,63.0,50.0,62.0,28.0,67.0,41,69,61,51,53,62,59,41,54,63,69,69,54,63,63,57,62,60,72,59,66,26,59,55,57,61,24,23,24,0.0,0.0,1.0,0.0,0.0,0.0,0.0,0.0,0.0,1.0,0.0,0.0,0.0,0.0,0.0,0.0,0.0,61
346,243838,21,174,70,1,4,3,78.0,61.0,54.0,64.0,27.0,63.0,58,64,61,58,54,63,55,45,50,61,79,78,75,61,76,61,63,66,62,55,62,15,64,46,54,61,36,15,22,0.0,0.0,1.0,0.0,0.0,0.0,0.0,0.0,1.0,0.0,0.0,0.0,0.0,0.0,0.0,0.0,0.0,62
347,245248,30,178,74,0,3,3,64.0,60.0,62.0,67.0,35.0,61.0,62,59,53,63,61,68,64,58,58,68,65,63,68,58,66,61,57,68,69,61,35,32,60,64,57,61,36,34,26,0.0,0.0,0.0,0.0,0.0,0.0,1.0,0.0,0.0,0.0,0.0,1.0,0.0,0.0,0.0,0.0,0.0,63
348,257719,19,183,67,1,3,2,62.0,64.0,58.0,65.0,25.0,52.0,49,65,55,62,65,72,64,50,52,60,63,62,56,62,63,65,56,56,55,63,39,23,54,65,71,54,25,17,26,0.0,0.0,0.0,0.0,0.0,0.0,1.0,0.0,0.0,0.0,0.0,1.0,0.0,0.0,0.0,0.0,0.0,63
349,259323,21,175,75,1,3,2,71.0,60.0,53.0,66.0,29.0,65.0,53,63,51,55,60,66,47,38,55,69,78,66,65,59,73,67,53,68,69,49,56,24,64,51,54,47,26,29,29,0.0,0.0,0.0,0.0,0.0,0.0,1.0,0.0,0.0,0.0,0.0,1.0,0.0,0.0,0.0,0.0,0.0,63
350,260359,25,184,80,1,3,3,62.0,64.0,52.0,60.0,20.0,69.0,46,65,66,61,63,61,58,55,31,62,58,65,57,55,51,67,64,63,79,59,53,13,61,56,61,60,16,15,12,0.0,0.0,0.0,0.0,0.0,0.0,1.0,0.0,0.0,0.0,0.0,1.0,0.0,0.0,0.0,0.0,0.0,61
351,260926,19,183,74,1,3,2,79.0,61.0,53.0,64.0,23.0,55.0,56,65,47,62,58,66,39,28,38,64,81,77,68,57,62,60,63,52,64,54,36,23,62,53,57,45,17,21,19,0.0,0.0,0.0,0.0,0.0,0.0,1.0,0.0,1.0,0.0,0.0,0.0,0.0,0.0,0.0,0.0,0.0,63
352,263153,19,183,78,1,4,2,80.0,62.0,51.0,67.0,38.0,64.0,38,65,56,57,59,70,54,42,44,62,84,76,80,54,75,62,62,74,66,58,47,37,57,60,52,53,35,35,37,0.0,0.0,1.0,0.0,0.0,0.0,0.0,0.0,0.0,0.0,0.0,1.0,0.0,0.0,0.0,0.0,0.0,63
353,264134,21,177,75,1,3,3,83.0,60.0,54.0,66.0,28.0,65.0,52,60,47,58,55,66,52,52,48,64,82,83,77,62,80,63,62,71,64,58,61,29,63,53,51,52,27,21,27,0.0,0.0,1.0,0.0,0.0,0.0,0.0,0.0,0.0,0.0,0.0,0.0,0.0,0.0,1.0,0.0,0.0,63
354,183025,35,188,78,1,3,2,66.0,62.0,45.0,56.0,44.0,87.0,48,64,61,48,36,52,38,29,37,61,62,70,63,60,32,66,88,78,88,58,93,53,63,49,66,64,29,49,39,1.0,0.0,0.0,0.0,0.0,0.0,0.0,0.0,0.0,0.0,0.0,0.0,1.0,0.0,0.0,0.0,0.0,59
355,189905,30,184,79,1,3,3,54.0,60.0,60.0,62.0,58.0,69.0,59,61,59,60,54,61,60,57,59,60,54,54,62,66,69,62,52,73,71,62,65,62,62,63,44,65,55,57,57,0.0,0.0,1.0,0.0,0.0,0.0,0.0,0.0,0.0,0.0,0.0,1.0,0.0,0.0,0.0,0.0,0.0,61
356,215425,23,180,76,1,2,3,66.0,60.0,58.0,67.0,36.0,65.0,47,60,49,64,54,65,55,48,55,66,68,65,77,64,80,65,72,72,63,64,61,28,53,63,40,65,41,34,31,0.0,0.0,0.0,0.0,0.0,0.0,1.0,0.0,0.0,0.0,0.0,1.0,0.0,0.0,0.0,0.0,0.0,62
357,222051,28,188,85,1,3,2,39.0,47.0,45.0,48.0,60.0,73.0,24,51,73,58,46,51,29,25,51,48,33,44,42,55,33,49,78,58,86,40,57,60,48,47,35,47,58,58,57,0.0,0.0,0.0,0.0,0.0,0.0,1.0,0.0,0.0,0.0,0.0,0.0,1.0,0.0,0.0,0.0,0.0,49
358,224466,25,181,72,1,3,3,81.0,57.0,56.0,61.0,40.0,64.0,58,56,52,55,56,61,57,51,53,56,81,81,80,65,62,63,56,70,62,52,62,48,58,60,53,57,37,36,37,0.0,0.0,0.0,0.0,0.0,1.0,0.0,0.0,1.0,0.0,0.0,0.0,0.0,0.0,0.0,0.0,0.0,61
359,225485,26,188,88,1,2,2,54.0,60.0,40.0,51.0,29.0,73.0,27,64,70,46,52,51,42,27,35,60,51,56,31,58,34,62,58,53,93,51,54,19,64,49,65,53,22,29,28,0.0,0.0,0.0,0.0,0.0,1.0,0.0,0.0,0.0,0.0,0.0,0.0,0.0,0.0,0.0,1.0,0.0,57
360,232427,25,174,68,1,3,2,85.0,52.0,55.0,60.0,29.0,54.0,60,58,36,59,47,61,44,37,48,63,85,85,43,58,72,51,41,33,78,36,25,22,61,56,52,47,35,25,28,0.0,0.0,0.0,0.0,0.0,0.0,1.0,0.0,0.0,0.0,0.0,1.0,0.0,0.0,0.0,0.0,0.0,61
361,232474,23,166,59,1,3,2,79.0,60.0,58.0,67.0,32.0,47.0,56,63,36,63,46,63,47,62,55,63,84,75,93,53,89,63,91,68,33,57,45,24,61,56,45,58,31,38,31,0.0,0.0,0.0,0.0,0.0,0.0,1.0,0.0,0.0,0.0,1.0,0.0,0.0,0.0,0.0,0.0,0.0,62
362,232553,29,175,70,1,3,2,59.0,64.0,55.0,57.0,32.0,57.0,57,64,66,60,61,51,52,33,52,61,60,58,68,58,70,65,70,47,59,62,60,30,67,55,63,55,29,27,22,0.0,0.0,0.0,0.0,0.0,0.0,1.0,0.0,0.0,0.0,0.0,1.0,0.0,0.0,0.0,0.0,0.0,60
363,244140,20,179,71,1,3,3,73.0,53.0,60.0,69.0,31.0,58.0,62,55,43,65,57,69,58,44,56,66,75,71,82,59,80,56,62,70,55,44,47,27,54,59,49,60,38,26,24,0.0,0.0,0.0,0.0,0.0,0.0,1.0,0.0,1.0,0.0,0.0,0.0,0.0,0.0,0.0,0.0,0.0,61
364,244533,24,176,65,1,5,2,67.0,53.0,60.0,65.0,48.0,57.0,58,52,45,64,31,63,50,45,60,64,69,65,73,54,84,57,69,55,58,57,55,47,58,62,48,56,44,52,54,0.0,0.0,0.0,0.0,0.0,0.0,1.0,0.0,1.0,0.0,0.0,0.0,0.0,0.0,0.0,0.0,0.0,60
365,245494,24,179,71,1,3,2,67.0,59.0,57.0,65.0,32.0,61.0,55,62,57,59,44,62,57,46,58,67,65,69,69,59,76,53,61,67,66,59,39,27,65,58,57,58,36,27,21,0.0,0.0,1.0,0.0,0.0,0.0,0.0,0.0,1.0,0.0,0.0,0.0,0.0,0.0,0.0,0.0,0.0,62
366,248740,20,188,76,1,2,3,62.0,60.0,50.0,62.0,30.0,65.0,38,63,66,56,59,61,51,39,47,63,63,61,67,59,54,59,66,58,72,55,56,28,63,55,63,58,26,26,20,0.0,0.0,1.0,0.0,0.0,0.0,0.0,0.0,0.0,1.0,0.0,0.0,0.0,0.0,0.0,0.0,0.0,61
367,252219,18,176,70,1,2,3,81.0,54.0,54.0,67.0,18.0,57.0,51,54,53,57,46,67,51,29,53,63,85,77,87,58,82,58,65,61,56,53,51,15,60,57,51,45,14,14,14,0.0,1.0,0.0,0.0,0.0,0.0,0.0,0.0,0.0,0.0,0.0,1.0,0.0,0.0,0.0,0.0,0.0,62
368,259403,17,180,70,1,3,2,82.0,49.0,56.0,65.0,34.0,48.0,63,44,46,57,48,67,56,45,43,63,83,81,71,49,68,66,46,52,48,43,43,22,49,62,47,54,32,36,46,0.0,0.0,0.0,0.0,0.0,0.0,1.0,0.0,0.0,0.0,0.0,1.0,0.0,0.0,0.0,0.0,0.0,59
369,259641,19,169,67,0,2,2,86.0,58.0,55.0,61.0,47.0,60.0,62,57,36,52,64,64,62,64,50,55,84,87,75,47,73,65,63,74,58,58,49,48,55,55,45,47,33,67,34,0.0,0.0,1.0,0.0,0.0,0.0,0.0,0.0,0.0,0.0,1.0,0.0,0.0,0.0,0.0,0.0,0.0,59
370,260244,25,175,72,0,3,2,57.0,64.0,52.0,62.0,26.0,60.0,47,65,67,57,57,60,60,57,42,62,55,58,68,55,69,65,63,62,62,62,54,21,65,52,65,65,20,23,20,0.0,0.0,1.0,0.0,0.0,0.0,0.0,0.0,0.0,0.0,0.0,1.0,0.0,0.0,0.0,0.0,0.0,60
371,260355,21,176,70,1,3,3,73.0,58.0,60.0,63.0,44.0,61.0,62,56,58,61,54,63,55,55,58,63,71,75,70,56,69,62,68,66,57,58,62,39,63,62,52,55,37,50,45,0.0,0.0,1.0,0.0,0.0,0.0,0.0,0.0,1.0,0.0,0.0,0.0,0.0,0.0,0.0,0.0,0.0,62
372,261764,28,184,78,1,3,2,60.0,62.0,47.0,52.0,37.0,67.0,42,63,66,55,63,44,31,35,37,62,65,56,47,66,54,69,70,59,74,51,57,49,62,53,60,49,25,36,18,0.0,0.0,0.0,0.0,1.0,0.0,0.0,0.0,0.0,0.0,0.0,1.0,0.0,0.0,0.0,0.0,0.0,58
373,262674,19,171,65,1,3,2,58.0,64.0,46.0,65.0,25.0,57.0,40,66,56,54,62,65,38,29,37,64,55,60,77,59,74,67,63,67,56,58,47,20,63,52,63,44,19,24,22,0.0,0.0,0.0,0.0,0.0,0.0,1.0,0.0,0.0,0.0,0.0,1.0,0.0,0.0,0.0,0.0,0.0,61
374,263947,19,183,73,1,3,3,76.0,48.0,60.0,70.0,38.0,49.0,53,46,47,65,53,74,59,50,62,71,73,78,57,63,62,58,51,48,53,40,40,23,48,59,62,63,41,38,48,0.0,0.0,0.0,0.0,0.0,0.0,1.0,0.0,1.0,0.0,0.0,0.0,0.0,0.0,0.0,0.0,0.0,62
375,202925,26,180,75,1,3,2,75.0,60.0,43.0,60.0,23.0,59.0,32,66,55,54,50,57,41,39,40,62,77,74,73,54,68,57,68,65,63,55,38,21,59,39,42,54,18,22,16,0.0,0.0,0.0,0.0,0.0,0.0,1.0,0.0,1.0,0.0,0.0,0.0,0.0,0.0,0.0,0.0,0.0,59
376,245067,21,168,61,1,3,3,73.0,55.0,56.0,66.0,46.0,39.0,38,57,39,66,51,65,50,56,56,60,77,70,84,59,86,52,62,36,42,56,29,39,63,58,45,53,44,52,51,0.0,0.0,1.0,0.0,0.0,0.0,0.0,0.0,0.0,0.0,1.0,0.0,0.0,0.0,0.0,0.0,0.0,61
377,250949,21,178,71,1,3,3,74.0,51.0,55.0,64.0,38.0,62.0,43,51,47,63,52,63,45,40,56,65,73,75,74,61,70,59,70,63,62,42,61,25,58,59,45,52,38,40,46,0.0,0.0,0.0,0.0,0.0,0.0,1.0,0.0,1.0,0.0,0.0,0.0,0.0,0.0,0.0,0.0,0.0,61
378,251603,23,181,78,1,2,2,73.0,62.0,50.0,60.0,48.0,65.0,48,62,59,56,50,63,50,50,45,60,72,73,52,60,62,70,68,64,68,60,60,44,62,45,56,46,41,54,50,0.0,1.0,0.0,0.0,0.0,0.0,0.0,0.0,0.0,0.0,0.0,1.0,0.0,0.0,0.0,0.0,0.0,61
379,255829,20,168,66,1,4,3,73.0,57.0,58.0,63.0,23.0,56.0,60,58,38,60,48,62,56,55,55,60,76,70,78,46,83,56,78,60,63,60,28,23,56,58,47,58,21,21,22,0.0,0.0,0.0,0.0,0.0,0.0,1.0,0.0,0.0,0.0,1.0,0.0,0.0,0.0,0.0,0.0,0.0,59
380,257764,23,180,75,1,2,2,65.0,61.0,45.0,59.0,34.0,54.0,43,66,62,46,42,58,38,44,40,57,67,64,70,66,59,61,65,57,57,53,38,26,67,52,64,54,29,34,38,0.0,0.0,0.0,0.0,0.0,0.0,1.0,0.0,1.0,0.0,0.0,0.0,0.0,0.0,0.0,0.0,0.0,60
381,260577,17,183,76,0,4,3,66.0,60.0,61.0,65.0,34.0,59.0,58,60,47,66,57,64,58,59,57,65,65,67,74,53,75,63,64,58,61,61,55,29,49,57,60,50,32,34,32,0.0,0.0,0.0,0.0,0.0,0.0,1.0,0.0,0.0,0.0,0.0,1.0,0.0,0.0,0.0,0.0,0.0,60
382,262168,22,178,69,1,3,2,73.0,53.0,56.0,64.0,23.0,48.0,58,54,40,59,44,66,51,36,51,63,74,72,69,52,68,62,55,51,55,47,27,23,51,57,48,56,17,23,27,0.0,0.0,1.0,0.0,0.0,0.0,0.0,0.0,0.0,0.0,0.0,1.0,0.0,0.0,0.0,0.0,0.0,59
383,262283,17,169,62,1,3,2,68.0,43.0,60.0,65.0,40.0,45.0,52,44,33,66,46,65,46,50,63,65,73,63,73,56,68,44,55,54,39,34,44,29,57,62,50,55,41,46,49,0.0,0.0,0.0,0.0,0.0,0.0,1.0,1.0,0.0,0.0,0.0,0.0,0.0,0.0,0.0,0.0,0.0,58
384,262673,20,182,79,1,3,2,63.0,61.0,52.0,62.0,24.0,54.0,51,64,54,56,59,61,45,48,39,61,63,63,71,59,71,63,51,65,59,53,29,23,62,56,58,45,18,22,19,0.0,0.0,0.0,0.0,0.0,0.0,1.0,0.0,0.0,0.0,0.0,1.0,0.0,0.0,0.0,0.0,0.0,60
385,263046,21,185,74,1,3,2,67.0,61.0,41.0,56.0,29.0,72.0,33,63,67,46,52,52,45,37,28,57,63,70,65,57,64,62,68,67,79,56,63,24,60,51,59,57,28,21,25,0.0,1.0,0.0,0.0,0.0,0.0,0.0,0.0,0.0,0.0,0.0,0.0,1.0,0.0,0.0,0.0,0.0,57
386,263158,20,166,60,1,3,2,62.0,56.0,58.0,66.0,31.0,42.0,55,52,33,61,42,66,56,51,57,63,61,62,77,54,91,63,57,63,33,63,34,29,53,61,49,58,33,28,31,0.0,0.0,0.0,0.0,0.0,1.0,0.0,0.0,0.0,0.0,1.0,0.0,0.0,0.0,0.0,0.0,0.0,59
387,263448,19,180,68,1,4,2,73.0,59.0,60.0,67.0,32.0,32.0,56,59,28,63,53,67,58,59,62,68,78,69,71,41,72,62,42,26,31,63,37,22,51,56,51,64,26,46,34,0.0,1.0,0.0,0.0,0.0,0.0,0.0,0.0,1.0,0.0,0.0,0.0,0.0,0.0,0.0,0.0,0.0,60
388,236359,21,180,75,1,2,2,79.0,58.0,52.0,61.0,25.0,58.0,53,62,38,57,48,61,50,36,42,58,81,77,69,59,71,59,48,51,67,53,45,23,60,55,55,49,21,26,26,0.0,0.0,0.0,0.0,0.0,0.0,1.0,0.0,0.0,0.0,0.0,0.0,0.0,0.0,1.0,0.0,0.0,60
389,246773,23,173,69,1,2,3,83.0,51.0,56.0,63.0,32.0,59.0,57,49,44,58,45,62,60,37,55,60,85,82,74,57,73,64,85,62,64,47,35,42,59,54,40,54,24,32,21,0.0,0.0,0.0,0.0,0.0,1.0,0.0,0.0,0.0,0.0,0.0,1.0,0.0,0.0,0.0,0.0,0.0,60
390,247955,18,180,68,1,3,3,87.0,58.0,53.0,63.0,28.0,59.0,58,60,32,55,48,61,58,40,54,62,83,90,83,42,76,65,45,62,58,50,60,25,51,44,53,63,30,27,27,0.0,1.0,0.0,0.0,0.0,0.0,0.0,0.0,1.0,0.0,0.0,0.0,0.0,0.0,0.0,0.0,0.0,58
391,252960,19,176,77,1,3,3,79.0,52.0,50.0,65.0,40.0,67.0,45,52,42,56,40,63,31,29,55,65,82,76,84,55,84,56,73,80,62,53,63,38,61,52,36,42,36,43,42,0.0,0.0,1.0,0.0,0.0,0.0,0.0,0.0,0.0,0.0,0.0,0.0,0.0,0.0,1.0,0.0,0.0,60
392,254480,18,182,81,1,3,2,67.0,52.0,58.0,65.0,33.0,56.0,52,61,33,64,44,65,50,39,55,66,69,65,72,40,71,50,56,54,64,33,37,25,60,61,53,56,33,37,36,0.0,0.0,0.0,0.0,0.0,0.0,1.0,0.0,0.0,0.0,0.0,1.0,0.0,0.0,0.0,0.0,0.0,59
393,254700,23,172,70,1,3,3,63.0,58.0,55.0,62.0,35.0,59.0,41,56,36,61,38,63,50,39,58,63,61,65,61,50,59,70,60,68,59,60,49,21,60,62,47,55,35,40,45,0.0,0.0,1.0,0.0,0.0,0.0,0.0,0.0,1.0,0.0,0.0,0.0,0.0,0.0,0.0,0.0,0.0,60
394,254817,21,177,70,0,3,2,80.0,42.0,55.0,62.0,57.0,53.0,61,45,53,56,28,63,49,40,55,60,82,79,78,52,60,45,62,34,57,35,64,66,52,52,38,48,56,55,55,0.0,0.0,0.0,0.0,1.0,0.0,0.0,0.0,0.0,0.0,0.0,1.0,0.0,0.0,0.0,0.0,0.0,56
395,254915,22,165,68,1,3,3,78.0,42.0,54.0,66.0,26.0,43.0,35,44,17,62,21,65,52,48,55,60,84,73,90,55,90,43,41,66,31,40,44,20,53,62,32,55,25,31,35,0.0,0.0,1.0,0.0,0.0,0.0,0.0,1.0,0.0,0.0,0.0,0.0,0.0,0.0,0.0,0.0,0.0,57
396,256610,18,165,60,1,3,2,79.0,58.0,51.0,62.0,25.0,48.0,49,60,59,56,54,59,50,44,44,58,80,78,82,61,81,57,77,57,44,54,40,21,57,50,60,58,19,24,19,0.0,0.0,1.0,0.0,0.0,0.0,0.0,0.0,0.0,0.0,1.0,0.0,0.0,0.0,0.0,0.0,0.0,60
397,257152,18,172,69,1,3,3,66.0,54.0,59.0,62.0,34.0,49.0,59,52,38,61,56,63,55,57,54,60,69,64,64,55,68,55,40,44,56,59,41,31,58,60,43,67,35,34,31,0.0,0.0,0.0,0.0,0.0,1.0,0.0,0.0,0.0,0.0,0.0,1.0,0.0,0.0,0.0,0.0,0.0,59
398,258139,18,168,60,1,3,2,68.0,52.0,52.0,67.0,27.0,36.0,50,56,31,57,46,69,52,43,41,66,71,66,75,49,82,53,44,45,30,45,36,23,55,58,47,50,30,26,22,0.0,0.0,0.0,0.0,0.0,0.0,1.0,1.0,0.0,0.0,0.0,0.0,0.0,0.0,0.0,0.0,0.0,59
399,260402,19,183,64,1,4,2,76.0,61.0,51.0,61.0,27.0,49.0,54,60,43,52,53,63,53,42,41,58,72,79,73,46,67,69,43,42,51,59,54,22,59,57,50,49,24,28,28,0.0,0.0,0.0,0.0,0.0,0.0,1.0,0.0,1.0,0.0,0.0,0.0,0.0,0.0,0.0,0.0,0.0,59
400,260482,18,175,68,0,3,2,78.0,58.0,54.0,61.0,17.0,57.0,50,60,58,62,57,60,45,34,52,55,79,78,78,58,76,54,65,60,66,55,27,11,58,55,63,53,13,13,15,0.0,0.0,0.0,0.0,0.0,0.0,1.0,0.0,0.0,0.0,0.0,1.0,0.0,0.0,0.0,0.0,0.0,60
401,243371,20,185,70,1,3,3,82.0,59.0,44.0,60.0,28.0,58.0,31,60,51,51,52,59,49,34,34,59,80,83,77,50,65,61,71,56,59,55,55,19,58,53,56,46,33,23,22,0.0,0.0,1.0,0.0,0.0,0.0,0.0,0.0,0.0,1.0,0.0,0.0,0.0,0.0,0.0,0.0,0.0,59
402,252264,20,175,72,0,3,3,66.0,45.0,60.0,63.0,35.0,49.0,52,45,49,66,54,63,55,54,62,62,67,66,71,51,69,52,58,55,46,32,45,25,50,61,57,52,47,28,25,0.0,0.0,1.0,0.0,0.0,0.0,0.0,0.0,0.0,0.0,0.0,1.0,0.0,0.0,0.0,0.0,0.0,56
403,260115,18,186,75,1,3,2,71.0,62.0,48.0,60.0,22.0,66.0,49,64,56,53,62,59,42,39,43,60,73,70,71,62,55,60,74,56,68,62,73,17,54,48,63,50,15,21,17,0.0,0.0,1.0,0.0,0.0,0.0,0.0,0.0,0.0,0.0,0.0,0.0,1.0,0.0,0.0,0.0,0.0,59
404,260870,20,176,67,0,3,2,72.0,52.0,55.0,60.0,24.0,52.0,56,55,38,57,38,60,47,44,51,60,78,67,65,51,70,53,61,46,57,48,44,23,52,57,49,43,22,23,20,0.0,0.0,0.0,0.0,0.0,1.0,0.0,0.0,1.0,0.0,0.0,0.0,0.0,0.0,0.0,0.0,0.0,57
405,261745,19,183,75,0,3,2,68.0,59.0,48.0,64.0,22.0,58.0,55,59,48,42,63,65,57,43,40,66,65,70,67,51,64,67,53,59,63,54,43,20,55,56,56,52,18,21,19,0.0,0.0,0.0,0.0,0.0,0.0,1.0,0.0,0.0,0.0,0.0,0.0,0.0,0.0,1.0,0.0,0.0,59
406,263596,21,182,73,1,4,2,62.0,60.0,44.0,58.0,24.0,50.0,28,61,60,54,51,62,40,40,38,54,63,61,59,58,58,61,49,55,56,57,30,21,61,47,60,49,19,20,18,0.0,0.0,0.0,0.0,0.0,0.0,1.0,0.0,1.0,0.0,0.0,0.0,0.0,0.0,0.0,0.0,0.0,58
407,237731,22,180,70,1,3,3,69.0,54.0,57.0,61.0,36.0,54.0,55,57,38,60,47,61,53,52,55,60,70,68,65,51,73,51,52,58,57,53,42,35,51,57,50,56,35,38,32,0.0,0.0,0.0,0.0,0.0,0.0,1.0,0.0,0.0,0.0,0.0,1.0,0.0,0.0,0.0,0.0,0.0,57
408,246092,21,180,72,1,2,3,68.0,57.0,54.0,60.0,25.0,70.0,48,58,46,57,52,59,56,52,51,60,70,67,65,54,68,58,65,69,71,53,68,19,57,57,60,55,23,27,13,0.0,0.0,0.0,0.0,0.0,0.0,1.0,0.0,0.0,0.0,0.0,1.0,0.0,0.0,0.0,0.0,0.0,58
409,254999,20,180,68,0,3,2,61.0,47.0,59.0,62.0,54.0,59.0,62,46,50,63,38,62,40,43,60,64,61,61,60,55,66,47,66,49,63,50,60,54,51,57,42,49,47,60,59,0.0,0.0,0.0,0.0,0.0,0.0,1.0,0.0,1.0,0.0,0.0,0.0,0.0,0.0,0.0,0.0,0.0,57
410,255003,19,164,61,1,3,2,54.0,60.0,45.0,59.0,31.0,53.0,33,64,69,50,53,58,42,30,40,56,58,51,62,54,90,58,69,73,40,54,55,29,61,55,65,55,22,29,27,0.0,0.0,1.0,0.0,0.0,0.0,0.0,0.0,0.0,0.0,1.0,0.0,0.0,0.0,0.0,0.0,0.0,57
411,255157,19,181,70,1,3,3,65.0,56.0,51.0,58.0,38.0,63.0,42,59,52,57,56,58,48,44,47,60,59,70,52,58,64,55,61,42,77,54,54,35,55,55,50,54,37,38,37,0.0,0.0,0.0,0.0,0.0,1.0,0.0,0.0,1.0,0.0,0.0,0.0,0.0,0.0,0.0,0.0,0.0,58
412,258000,18,179,74,1,3,2,67.0,46.0,54.0,62.0,30.0,51.0,47,52,39,63,36,57,40,38,54,66,66,68,78,52,75,41,52,55,55,41,35,29,48,55,40,51,31,25,38,0.0,0.0,0.0,0.0,0.0,0.0,1.0,0.0,0.0,0.0,0.0,1.0,0.0,0.0,0.0,0.0,0.0,56
413,258377,18,187,78,1,3,2,76.0,57.0,44.0,61.0,19.0,57.0,34,58,57,54,57,62,51,24,32,56,74,77,68,58,68,61,62,61,57,55,49,13,49,48,51,54,14,16,17,0.0,0.0,0.0,0.0,0.0,0.0,1.0,0.0,0.0,0.0,0.0,0.0,1.0,0.0,0.0,0.0,0.0,58
414,258906,17,170,72,1,3,3,83.0,54.0,41.0,67.0,19.0,52.0,29,55,49,47,48,68,49,29,35,65,81,85,80,52,75,60,63,55,56,50,33,19,46,47,53,50,14,15,13,0.0,0.0,0.0,0.0,0.0,0.0,1.0,0.0,0.0,0.0,0.0,0.0,0.0,1.0,0.0,0.0,0.0,58
415,259627,18,187,72,1,3,2,83.0,56.0,45.0,60.0,25.0,48.0,40,59,39,49,45,59,43,34,47,60,84,83,70,45,70,56,48,65,35,54,59,24,59,46,53,56,24,23,24,0.0,0.0,0.0,0.0,0.0,1.0,0.0,0.0,0.0,1.0,0.0,0.0,0.0,0.0,0.0,0.0,0.0,58
416,263227,17,185,67,1,3,3,68.0,51.0,55.0,64.0,47.0,57.0,40,40,44,60,58,64,62,51,54,63,71,66,77,53,59,64,49,69,51,61,57,47,53,60,44,50,49,47,45,0.0,0.0,0.0,0.0,0.0,0.0,1.0,0.0,0.0,1.0,0.0,0.0,0.0,0.0,0.0,0.0,0.0,58
417,263444,18,188,75,0,3,2,71.0,56.0,42.0,61.0,22.0,53.0,38,60,48,48,45,61,35,32,30,62,70,72,65,58,57,52,48,55,59,50,36,19,58,47,60,47,21,20,11,0.0,0.0,0.0,0.0,0.0,0.0,1.0,0.0,0.0,1.0,0.0,0.0,0.0,0.0,0.0,0.0,0.0,58
418,239146,22,173,68,0,3,2,70.0,50.0,50.0,64.0,27.0,40.0,49,49,36,54,55,63,45,37,46,59,74,66,88,52,83,54,46,41,37,44,45,24,51,50,53,50,14,34,37,0.0,0.0,0.0,0.0,0.0,0.0,1.0,0.0,1.0,0.0,0.0,0.0,0.0,0.0,0.0,0.0,0.0,55
419,248319,24,182,67,1,3,3,75.0,42.0,49.0,60.0,39.0,56.0,51,43,49,50,48,58,43,36,52,54,77,74,88,50,73,44,76,62,51,35,57,37,52,50,41,51,31,44,42,0.0,0.0,0.0,0.0,0.0,0.0,1.0,0.0,1.0,0.0,0.0,0.0,0.0,0.0,0.0,0.0,0.0,53
420,252813,21,177,66,0,3,2,72.0,56.0,45.0,59.0,19.0,50.0,35,60,44,48,50,60,51,32,42,53,73,72,72,52,75,53,58,63,47,50,38,20,61,53,63,48,11,20,14,0.0,1.0,0.0,0.0,0.0,0.0,0.0,0.0,0.0,0.0,0.0,1.0,0.0,0.0,0.0,0.0,0.0,57
421,257888,19,170,65,1,3,3,72.0,58.0,55.0,66.0,18.0,46.0,54,59,51,58,57,65,62,60,49,63,75,69,80,42,85,56,67,52,47,61,32,13,49,51,59,62,12,16,17,0.0,0.0,0.0,0.0,0.0,0.0,1.0,0.0,0.0,0.0,1.0,0.0,0.0,0.0,0.0,0.0,0.0,58
422,259039,19,183,75,0,4,3,77.0,43.0,43.0,64.0,26.0,58.0,46,47,41,48,47,71,38,27,34,60,80,74,68,46,65,44,57,66,65,34,31,21,48,44,38,42,25,25,22,1.0,0.0,0.0,0.0,0.0,0.0,0.0,0.0,0.0,0.0,0.0,1.0,0.0,0.0,0.0,0.0,0.0,54
423,260438,28,184,79,1,3,2,60.0,51.0,54.0,56.0,38.0,52.0,52,52,41,55,38,54,44,38,52,60,55,64,49,54,68,56,55,55,55,48,42,24,62,64,42,57,35,48,45,0.0,0.0,0.0,0.0,0.0,0.0,1.0,0.0,0.0,0.0,0.0,1.0,0.0,0.0,0.0,0.0,0.0,57
424,262604,20,182,72,1,3,2,70.0,59.0,49.0,56.0,24.0,56.0,40,59,55,56,54,56,50,42,41,54,69,71,65,53,60,60,69,58,61,56,36,20,58,52,63,50,21,19,20,0.0,0.0,0.0,0.0,0.0,0.0,1.0,0.0,0.0,0.0,0.0,1.0,0.0,0.0,0.0,0.0,0.0,57
425,263885,20,188,79,1,3,2,74.0,55.0,44.0,60.0,21.0,53.0,37,58,55,53,46,60,43,45,32,62,76,73,72,37,52,55,64,39,69,53,29,15,52,45,56,47,18,19,17,0.0,0.0,0.0,0.0,0.0,0.0,1.0,0.0,0.0,0.0,0.0,0.0,1.0,0.0,0.0,0.0,0.0,56
426,221815,27,176,75,1,3,2,81.0,55.0,39.0,61.0,19.0,43.0,32,62,46,43,42,61,42,35,29,58,83,79,80,50,76,57,50,59,42,43,26,14,44,48,53,41,23,12,13,0.0,0.0,0.0,0.0,0.0,0.0,1.0,0.0,1.0,0.0,0.0,0.0,0.0,0.0,0.0,0.0,0.0,56
427,258721,18,173,67,1,3,2,59.0,49.0,54.0,63.0,32.0,40.0,53,45,34,56,44,62,60,45,52,61,64,55,71,56,80,57,53,34,42,50,40,27,45,56,51,54,36,29,36,0.0,0.0,0.0,0.0,0.0,0.0,1.0,0.0,0.0,0.0,0.0,1.0,0.0,0.0,0.0,0.0,0.0,55
428,263445,20,180,70,1,5,2,59.0,55.0,38.0,55.0,19.0,59.0,32,57,59,42,44,53,37,28,29,55,62,57,61,58,66,58,60,54,61,48,62,10,58,46,53,49,11,20,13,0.0,0.0,0.0,0.0,0.0,0.0,1.0,0.0,0.0,0.0,0.0,1.0,0.0,0.0,0.0,0.0,0.0,54
429,264458,18,172,77,1,3,2,82.0,51.0,46.0,56.0,23.0,58.0,52,55,39,49,36,60,37,30,41,49,80,84,65,36,74,55,48,57,70,46,30,16,55,44,30,47,20,25,25,0.0,1.0,0.0,0.0,0.0,0.0,0.0,0.0,0.0,0.0,0.0,1.0,0.0,0.0,0.0,0.0,0.0,54
430,256048,19,170,63,0,3,3,68.0,55.0,44.0,68.0,20.0,37.0,31,57,48,49,48,68,51,40,38,65,67,68,81,47,91,54,41,50,31,56,35,19,49,52,50,53,16,18,13,0.0,0.0,1.0,0.0,0.0,0.0,0.0,0.0,0.0,0.0,1.0,0.0,0.0,0.0,0.0,0.0,0.0,57
431,256060,29,182,82,1,4,4,63.0,56.0,44.0,54.0,24.0,64.0,34,60,52,53,52,53,32,27,37,56,61,64,56,48,56,53,71,54,74,50,50,22,56,52,58,50,24,17,21,0.0,0.0,1.0,0.0,0.0,0.0,0.0,0.0,0.0,0.0,0.0,1.0,0.0,0.0,0.0,0.0,0.0,55
432,256353,16,183,71,1,3,2,72.0,52.0,47.0,58.0,21.0,45.0,40,56,34,57,42,58,45,27,39,55,70,73,72,52,62,52,47,53,43,45,38,20,48,49,51,50,17,22,18,0.0,0.0,0.0,0.0,0.0,0.0,1.0,0.0,1.0,0.0,0.0,0.0,0.0,0.0,0.0,0.0,0.0,55
433,258004,20,185,81,1,4,2,73.0,53.0,42.0,56.0,18.0,62.0,32,58,48,51,42,53,38,29,35,59,73,73,62,55,64,48,75,64,72,47,32,16,50,46,58,48,16,11,19,0.0,0.0,0.0,0.0,0.0,0.0,1.0,0.0,0.0,0.0,0.0,0.0,1.0,0.0,0.0,0.0,0.0,55
434,260379,18,175,65,1,3,3,70.0,47.0,52.0,64.0,37.0,50.0,43,44,43,60,44,65,40,44,56,63,74,66,75,46,78,49,50,72,37,55,55,32,44,49,46,51,33,42,41,0.0,0.0,0.0,0.0,0.0,0.0,1.0,0.0,1.0,0.0,0.0,0.0,0.0,0.0,0.0,0.0,0.0,55
435,263859,18,167,63,1,4,2,75.0,49.0,51.0,60.0,29.0,44.0,53,48,33,55,44,58,46,45,48,56,78,73,83,36,91,52,76,53,38,51,39,28,43,48,49,51,27,32,23,0.0,0.0,0.0,0.0,0.0,0.0,1.0,0.0,0.0,0.0,1.0,0.0,0.0,0.0,0.0,0.0,0.0,52
436,258820,17,181,70,1,2,2,71.0,51.0,40.0,57.0,21.0,61.0,32,53,51,44,38,55,34,32,33,54,72,70,74,56,67,51,70,54,68,48,51,22,50,48,59,49,20,13,14,0.0,1.0,0.0,0.0,0.0,0.0,0.0,0.0,0.0,0.0,0.0,1.0,0.0,0.0,0.0,0.0,0.0,54
437,260269,19,182,71,1,3,2,59.0,37.0,54.0,59.0,22.0,38.0,42,33,39,63,38,61,46,37,46,64,55,62,50,43,64,46,58,47,38,32,20,21,43,61,47,35,18,20,22,0.0,0.0,0.0,0.0,0.0,1.0,0.0,0.0,1.0,0.0,0.0,0.0,0.0,0.0,0.0,0.0,0.0,52
438,261448,20,168,57,1,3,2,71.0,53.0,47.0,61.0,29.0,35.0,43,55,31,52,50,59,46,42,43,56,83,61,86,47,85,53,45,42,30,54,37,28,46,47,48,45,24,34,32,0.0,0.0,0.0,0.0,0.0,0.0,1.0,0.0,0.0,0.0,1.0,0.0,0.0,0.0,0.0,0.0,0.0,54
439,261585,17,167,67,0,2,4,76.0,42.0,47.0,55.0,25.0,41.0,48,45,39,48,39,55,43,36,41,49,76,76,72,50,86,46,47,44,45,30,28,17,51,54,42,37,21,28,27,0.0,0.0,1.0,0.0,0.0,0.0,0.0,0.0,0.0,0.0,1.0,0.0,0.0,0.0,0.0,0.0,0.0,52
440,263833,18,168,59,1,3,2,69.0,51.0,48.0,63.0,20.0,37.0,44,53,38,55,44,62,47,49,41,58,73,66,84,39,92,49,68,47,31,52,32,22,47,46,55,45,18,17,13,0.0,0.0,0.0,0.0,0.0,0.0,1.0,0.0,0.0,0.0,1.0,0.0,0.0,0.0,0.0,0.0,0.0,54
441,257684,21,165,58,0,3,2,75.0,44.0,48.0,55.0,21.0,41.0,48,46,33,50,39,54,40,39,48,49,82,69,79,41,83,44,31,50,38,37,39,21,46,50,48,43,16,22,20,0.0,1.0,0.0,0.0,0.0,0.0,0.0,1.0,0.0,0.0,0.0,0.0,0.0,0.0,0.0,0.0,0.0,50
442,262180,20,168,65,0,3,2,74.0,43.0,51.0,61.0,32.0,37.0,47,43,39,53,41,59,41,41,51,58,77,71,78,54,87,49,60,33,36,37,41,22,41,54,43,50,36,31,37,0.0,0.0,0.0,0.0,0.0,0.0,1.0,0.0,0.0,0.0,1.0,0.0,0.0,0.0,0.0,0.0,0.0,53
443,263835,18,173,70,1,3,2,69.0,50.0,46.0,60.0,18.0,44.0,36,51,41,51,46,60,53,42,37,56,73,66,72,47,77,48,58,50,46,52,26,19,44,52,56,47,13,14,17,0.0,0.0,0.0,0.0,0.0,0.0,1.0,0.0,0.0,0.0,0.0,1.0,0.0,0.0,0.0,0.0,0.0,53
444,252644,21,173,64,1,4,2,61.0,44.0,51.0,53.0,40.0,43.0,45,42,45,55,38,50,45,42,56,52,53,67,49,50,86,45,55,52,38,46,42,29,51,52,39,56,42,43,46,0.0,0.0,1.0,0.0,0.0,0.0,0.0,0.0,1.0,0.0,0.0,0.0,0.0,0.0,0.0,0.0,0.0,51
445,262216,17,180,74,1,3,2,57.0,54.0,39.0,48.0,22.0,46.0,27,58,48,47,39,43,34,32,34,49,55,59,59,53,64,52,62,47,50,49,32,21,52,44,58,45,20,19,15,0.0,0.0,0.0,0.0,0.0,0.0,1.0,0.0,1.0,0.0,0.0,0.0,0.0,0.0,0.0,0.0,0.0,50
446,264114,20,183,70,1,3,2,54.0,54.0,41.0,49.0,19.0,45.0,39,55,52,46,36,50,35,28,31,46,57,51,50,51,60,59,61,52,50,52,20,16,50,45,58,48,15,15,19,0.0,0.0,0.0,0.0,0.0,0.0,1.0,0.0,1.0,0.0,0.0,0.0,0.0,0.0,0.0,0.0,0.0,50
447,247873,21,169,67,1,3,3,78.0,50.0,44.0,57.0,23.0,48.0,43,52,42,48,45,53,43,33,39,56,75,80,81,35,87,58,68,53,44,43,45,19,44,47,46,48,21,21,26,0.0,0.0,0.0,0.0,0.0,0.0,1.0,0.0,0.0,0.0,1.0,0.0,0.0,0.0,0.0,0.0,0.0,52
448,253681,20,175,76,1,3,2,70.0,42.0,45.0,58.0,29.0,52.0,38,42,32,44,40,55,43,39,45,57,71,70,70,51,73,45,54,48,57,38,44,21,44,54,49,54,32,30,34,0.0,0.0,0.0,0.0,0.0,0.0,1.0,0.0,1.0,0.0,0.0,0.0,0.0,0.0,0.0,0.0,0.0,51
449,262063,18,180,79,0,4,2,61.0,50.0,38.0,47.0,21.0,55.0,28,50,50,45,33,45,35,33,30,44,60,61,53,56,65,48,72,53,64,50,30,14,52,44,65,50,21,15,19,0.0,0.0,0.0,0.0,0.0,0.0,1.0,0.0,0.0,0.0,0.0,1.0,0.0,0.0,0.0,0.0,0.0,49
450,256427,18,171,65,1,3,2,71.0,44.0,45.0,50.0,21.0,39.0,44,45,30,50,42,46,43,33,36,51,73,69,64,40,73,43,56,37,39,44,35,20,52,48,37,44,21,19,18,0.0,0.0,0.0,0.0,0.0,0.0,1.0,0.0,1.0,0.0,0.0,0.0,0.0,0.0,0.0,0.0,0.0,49
451,259650,19,161,63,1,2,2,59.0,46.0,37.0,48.0,17.0,34.0,29,50,34,43,42,45,41,22,35,48,68,51,59,35,71,47,68,32,32,37,32,16,52,41,49,44,16,16,11,0.0,1.0,0.0,0.0,0.0,0.0,0.0,0.0,0.0,0.0,1.0,0.0,0.0,0.0,0.0,0.0,0.0,47
